{"stats":{"minecraft:killed":{"minecraft:zombie":1,"naturalist:butterfly":1,"graveyard:corrupted_pillager":1,"born_in_chaos_v1:decrepit_skeleton":1},"minecraft:custom":{"minecraft:time_since_rest":22792,"lootr:looted_stat":26,"minecraft:sprint_one_cm":358038,"minecraft:damage_taken":5937,"minecraft:walk_one_cm":150107,"minecraft:mob_kills":4,"minecraft:drop":8,"minecraft:damage_dealt":1396,"minecraft:fly_one_cm":209093,"minecraft:open_barrel":4,"minecraft:crouch_one_cm":779,"minecraft:play_time":86043,"minecraft:deaths":4,"minecraft:sneak_time":353,"minecraft:jump":1171,"minecraft:damage_dealt_resisted":198,"minecraft:leave_game":2,"minecraft:time_since_death":22752,"minecraft:walk_on_water_one_cm":247,"minecraft:climb_one_cm":3251,"minecraft:total_world_time":86043,"minecraft:fall_one_cm":52381},"minecraft:mined":{"minecraft:gray_wool":2,"minecraft:sculk_vein":1,"minecraft:basalt":2,"realmrpg_skeletons:rookie_skeleton":1,"minecraft:polished_andesite_stairs":1,"minecraft:stone_bricks":4,"minecraft:deepslate_bricks":1,"minecraft:polished_andesite":1,"gnumus:fragile_gnumus_jug":2,"minecraft:stone":11,"minecraft:mossy_stone_bricks":3,"minecraft:sculk":5,"minecraft:chipped_anvil":1,"minecraft:oak_leaves":7,"minecraft:chiseled_stone_bricks":1,"minecraft:deepslate":11,"minecraft:spawner":2},"minecraft:used":{"minecraft:diamond_pickaxe":42,"minecraft:bread":54,"minecraft:diamond_sword":36,"minecraft:wooden_sword":8,"minecraft:cobblestone":5,"minecraft:cobbled_deepslate":8},"minecraft:crafted":{"minecraft:oak_planks":28},"minecraft:dropped":{"minecraft:diamond":2,"tetra:geode":2,"minecraft:basalt":2,"minecraft:wooden_sword":1,"minecraft:bone":1,"minecraft:emerald":3},"minecraft:picked_up":{"minecraft:polished_andesite_stairs":1,"minecraft:basalt":2,"minecraft:oak_log":7,"graveyard:dark_iron_door":1,"minecraft:wooden_sword":1,"minecraft:bone":10,"minecraft:chipped_anvil":1,"minecraft:rotten_flesh":5,"minecraft:stone_bricks":5,"tetra:geode":2,"graveyard:corruption":1,"minecraft:wheat_seeds":2,"minecraft:cobbled_deepslate":9,"minecraft:deepslate_bricks":1,"minecraft:mossy_stone_bricks":3,"minecraft:spruce_sign":2,"minecraft:cobweb":4,"minecraft:gray_wool":2,"minecraft:emerald":3,"quark:black_shard":4,"minecraft:cobblestone":5}},"DataVersion":3465}