{"stats":{"minecraft:used":{"minecraft:mossy_stone_bricks":9,"minecraft:diamond_pickaxe":74,"minecraft:bread":68,"minecraft:stone_bricks":5,"minecraft:diamond_sword":115,"minecraft:wooden_sword":8,"minecraft:cobblestone":5,"minecraft:cobbled_deepslate":8},"minecraft:custom":{"lootr:looted_stat":36,"minecraft:inspect_dropper":2,"minecraft:mob_kills":31,"minecraft:interact_with_crafting_table":1,"minecraft:open_barrel":7,"minecraft:damage_dealt_resisted":198,"minecraft:leave_game":2,"minecraft:time_since_death":51090,"minecraft:climb_one_cm":4231,"minecraft:time_since_rest":51130,"minecraft:sprint_one_cm":480870,"minecraft:damage_taken":7413,"minecraft:walk_one_cm":217190,"minecraft:drop":9,"minecraft:damage_dealt":4515,"minecraft:fly_one_cm":275951,"minecraft:crouch_one_cm":1280,"minecraft:play_time":114381,"minecraft:deaths":4,"minecraft:sneak_time":569,"minecraft:jump":1529,"minecraft:walk_on_water_one_cm":247,"minecraft:total_world_time":114381,"minecraft:fall_one_cm":60340},"minecraft:crafted":{"minecraft:oak_planks":28,"sophisticatedbackpacks:gold_backpack":1,"sophisticatedbackpacks:iron_backpack":1},"minecraft:picked_up":{"gnumus:gnumus_doubloons":3,"minecraft:basalt":2,"minecraft:leather":1,"gnumus:gnumus_claw":2,"regions_unexplored:silt_dirt":1,"gnumus:gnumus_pouch":1,"minecraft:oak_log":7,"graveyard:dark_iron_door":1,"gnumus:gnumus_pouch_2":1,"minecraft:wooden_sword":1,"minecraft:bone":10,"minecraft:chipped_anvil":1,"minecraft:stone_bricks":7,"graveyard:corruption":1,"minecraft:wheat_seeds":2,"minecraft:cobbled_deepslate":9,"minecraft:cobweb":4,"minecraft:mossy_stone_bricks":9,"quark:black_shard":4,"minecraft:polished_andesite_stairs":1,"minecraft:sweet_berries":1,"minecraft:chiseled_stone_bricks":2,"minecraft:rotten_flesh":6,"tetra:geode":2,"minecraft:deepslate_bricks":1,"minecraft:diamond_axe":1,"wardrobe:silk":28,"minecraft:gray_wool":2,"minecraft:spruce_sign":2,"minecraft:gold_ingot":8,"minecraft:emerald":3,"gnumus:mouse_skin":4,"minecraft:glow_berries":3,"minecraft:skeleton_skull":1,"minecraft:cobblestone":10},"minecraft:killed":{"gnumus:gnumus_hunter_not_dispawn":2,"naturalist:rattlesnake":1,"naturalist:butterfly":1,"born_in_chaos_v1:decrepit_skeleton":1,"minecraft:zombie":1,"minecraft:silverfish":24,"graveyard:corrupted_pillager":1},"minecraft:mined":{"minecraft:sculk_vein":1,"minecraft:basalt":2,"regions_unexplored:silt_dirt":3,"minecraft:polished_andesite_stairs":1,"minecraft:infested_cobblestone":7,"minecraft:deepslate_bricks":1,"minecraft:cobblestone":7,"minecraft:sculk":5,"minecraft:chiseled_stone_bricks":4,"minecraft:spawner":2,"minecraft:skeleton_skull":1,"minecraft:gray_wool":2,"minecraft:coarse_dirt":2,"minecraft:gold_block":2,"minecraft:grass":1,"realmrpg_skeletons:rookie_skeleton":1,"minecraft:vine":1,"minecraft:infested_cracked_stone_bricks":1,"minecraft:stone":11,"minecraft:stone_bricks":6,"gnumus:fragile_gnumus_jug":8,"minecraft:polished_andesite":1,"minecraft:chipped_anvil":1,"regions_unexplored:silt_grass_block":1,"minecraft:mossy_stone_bricks":9,"minecraft:oak_leaves":7,"minecraft:deepslate":11,"minecraft:emerald_block":3},"minecraft:dropped":{"minecraft:wheat_seeds":2,"minecraft:diamond":2,"tetra:geode":2,"minecraft:emerald":3,"minecraft:wooden_sword":1,"minecraft:basalt":2,"minecraft:bone":1}},"DataVersion":3465}