{"stats":{"minecraft:dropped":{"minecraft:wheat_seeds":2,"minecraft:diamond":2,"tetra:geode":2,"minecraft:emerald":3,"minecraft:wooden_sword":1,"minecraft:basalt":2,"minecraft:bone":1},"minecraft:picked_up":{"gnumus:gnumus_doubloons":3,"minecraft:basalt":2,"minecraft:leather":1,"gnumus:gnumus_claw":2,"gnumus:gnumus_pouch":1,"minecraft:oak_log":7,"graveyard:dark_iron_door":1,"gnumus:gnumus_pouch_2":1,"minecraft:wooden_sword":1,"minecraft:bone":10,"minecraft:chipped_anvil":1,"minecraft:stone_bricks":5,"graveyard:corruption":1,"minecraft:wheat_seeds":2,"minecraft:cobbled_deepslate":9,"minecraft:cobweb":4,"minecraft:mossy_stone_bricks":3,"quark:black_shard":4,"minecraft:polished_andesite_stairs":1,"minecraft:sweet_berries":1,"minecraft:rotten_flesh":6,"tetra:geode":2,"minecraft:deepslate_bricks":1,"minecraft:diamond_axe":1,"minecraft:gray_wool":2,"minecraft:spruce_sign":2,"minecraft:gold_ingot":8,"minecraft:emerald":3,"gnumus:mouse_skin":4,"minecraft:glow_berries":3,"minecraft:skeleton_skull":1,"minecraft:cobblestone":5},"minecraft:killed":{"gnumus:gnumus_hunter_not_dispawn":2,"naturalist:rattlesnake":1,"naturalist:butterfly":1,"born_in_chaos_v1:decrepit_skeleton":1,"minecraft:zombie":1,"graveyard:corrupted_pillager":1},"minecraft:crafted":{"minecraft:oak_planks":28,"sophisticatedbackpacks:gold_backpack":1,"sophisticatedbackpacks:iron_backpack":1},"minecraft:mined":{"minecraft:sculk_vein":1,"minecraft:basalt":2,"minecraft:polished_andesite_stairs":1,"minecraft:deepslate_bricks":1,"minecraft:sculk":5,"minecraft:chiseled_stone_bricks":1,"minecraft:spawner":2,"minecraft:skeleton_skull":1,"minecraft:gray_wool":2,"minecraft:gold_block":2,"realmrpg_skeletons:rookie_skeleton":1,"minecraft:polished_andesite":1,"gnumus:fragile_gnumus_jug":8,"minecraft:stone":11,"minecraft:stone_bricks":4,"minecraft:chipped_anvil":1,"minecraft:mossy_stone_bricks":3,"minecraft:oak_leaves":7,"minecraft:deepslate":11,"minecraft:emerald_block":3},"minecraft:custom":{"lootr:looted_stat":31,"minecraft:mob_kills":7,"minecraft:interact_with_crafting_table":1,"minecraft:open_barrel":7,"minecraft:damage_dealt_resisted":198,"minecraft:leave_game":2,"minecraft:time_since_death":40816,"minecraft:climb_one_cm":3342,"minecraft:time_since_rest":40856,"minecraft:sprint_one_cm":436139,"minecraft:damage_taken":7069,"minecraft:walk_one_cm":191723,"minecraft:drop":9,"minecraft:damage_dealt":2080,"minecraft:fly_one_cm":251811,"minecraft:crouch_one_cm":779,"minecraft:play_time":104107,"minecraft:deaths":4,"minecraft:sneak_time":353,"minecraft:jump":1338,"minecraft:walk_on_water_one_cm":247,"minecraft:total_world_time":104107,"minecraft:fall_one_cm":57973},"minecraft:used":{"minecraft:diamond_pickaxe":47,"minecraft:bread":63,"minecraft:stone_bricks":5,"minecraft:diamond_sword":53,"minecraft:wooden_sword":8,"minecraft:cobblestone":5,"minecraft:cobbled_deepslate":8}},"DataVersion":3465}