{"stats":{"minecraft:killed":{"naturalist:butterfly":1,"born_in_chaos_v1:decrepit_skeleton":1},"minecraft:custom":{"minecraft:time_since_rest":46134,"lootr:looted_stat":22,"minecraft:sprint_one_cm":268988,"minecraft:damage_taken":2998,"minecraft:walk_one_cm":86184,"minecraft:mob_kills":2,"minecraft:drop":3,"minecraft:damage_dealt":559,"minecraft:fly_one_cm":150125,"minecraft:open_barrel":4,"minecraft:crouch_one_cm":711,"minecraft:play_time":49718,"minecraft:sneak_time":319,"minecraft:deaths":1,"minecraft:jump":847,"minecraft:damage_dealt_resisted":198,"minecraft:time_since_death":46108,"minecraft:walk_on_water_one_cm":247,"minecraft:total_world_time":49718,"minecraft:climb_one_cm":2081,"minecraft:fall_one_cm":42716},"minecraft:mined":{"minecraft:gray_wool":2,"minecraft:sculk_vein":1,"minecraft:basalt":2,"realmrpg_skeletons:rookie_skeleton":1,"minecraft:deepslate_bricks":1,"gnumus:fragile_gnumus_jug":2,"minecraft:stone":11,"minecraft:sculk":5,"minecraft:chipped_anvil":1,"minecraft:oak_leaves":7,"minecraft:deepslate":8,"minecraft:spawner":2},"minecraft:used":{"minecraft:diamond_pickaxe":29,"minecraft:bread":29,"minecraft:diamond_sword":19,"minecraft:wooden_sword":8,"minecraft:cobblestone":5},"minecraft:crafted":{"minecraft:oak_planks":28},"minecraft:dropped":{"minecraft:diamond":2,"minecraft:wooden_sword":1,"minecraft:bone":1},"minecraft:picked_up":{"minecraft:basalt":2,"minecraft:oak_log":7,"minecraft:wooden_sword":1,"minecraft:bone":6,"minecraft:chipped_anvil":1,"minecraft:rotten_flesh":1,"minecraft:wheat_seeds":2,"minecraft:cobbled_deepslate":6,"minecraft:deepslate_bricks":1,"minecraft:cobweb":4,"minecraft:gray_wool":2,"minecraft:cobblestone":5}},"DataVersion":3465}