{"stats":{"minecraft:killed":{"naturalist:butterfly":1},"minecraft:custom":{"minecraft:open_barrel":1,"minecraft:time_since_rest":10134,"minecraft:play_time":13718,"lootr:looted_stat":6,"minecraft:sprint_one_cm":74608,"minecraft:walk_one_cm":19959,"minecraft:damage_taken":2107,"minecraft:deaths":1,"minecraft:mob_kills":1,"minecraft:drop":2,"minecraft:jump":201,"minecraft:damage_dealt":255,"minecraft:time_since_death":10108,"minecraft:climb_one_cm":1325,"minecraft:total_world_time":13718,"minecraft:fly_one_cm":41555,"minecraft:fall_one_cm":17711},"minecraft:mined":{"realmrpg_skeletons:rookie_skeleton":1,"gnumus:fragile_gnumus_jug":1,"minecraft:chipped_anvil":1},"minecraft:used":{"minecraft:diamond_pickaxe":1,"minecraft:diamond_sword":1,"minecraft:wooden_sword":8,"minecraft:bread":6},"minecraft:crafted":{"minecraft:oak_planks":28},"minecraft:dropped":{"minecraft:wooden_sword":1,"minecraft:bone":1},"minecraft:picked_up":{"minecraft:chipped_anvil":1,"minecraft:wooden_sword":1,"minecraft:bone":1,"minecraft:oak_log":7}},"DataVersion":3465}