{"stats":{"minecraft:killed":{"naturalist:butterfly":1,"born_in_chaos_v1:decrepit_skeleton":1},"minecraft:custom":{"minecraft:open_barrel":4,"minecraft:time_since_rest":34134,"minecraft:play_time":37718,"lootr:looted_stat":21,"minecraft:sprint_one_cm":211836,"minecraft:walk_one_cm":67408,"minecraft:damage_taken":2419,"minecraft:deaths":1,"minecraft:mob_kills":2,"minecraft:drop":3,"minecraft:damage_dealt_resisted":198,"minecraft:jump":683,"minecraft:damage_dealt":559,"minecraft:walk_on_water_one_cm":247,"minecraft:time_since_death":34108,"minecraft:climb_one_cm":1517,"minecraft:total_world_time":37718,"minecraft:fly_one_cm":130052,"minecraft:fall_one_cm":33241},"minecraft:mined":{"realmrpg_skeletons:rookie_skeleton":1,"gnumus:fragile_gnumus_jug":2,"minecraft:basalt":1,"minecraft:stone":11,"minecraft:chipped_anvil":1,"minecraft:oak_leaves":7,"minecraft:spawner":2},"minecraft:used":{"minecraft:diamond_pickaxe":15,"minecraft:diamond_sword":19,"minecraft:wooden_sword":8,"minecraft:cobblestone":4,"minecraft:bread":20},"minecraft:crafted":{"minecraft:oak_planks":28},"minecraft:dropped":{"minecraft:wooden_sword":1,"minecraft:diamond":2,"minecraft:bone":1},"minecraft:picked_up":{"minecraft:chipped_anvil":1,"minecraft:wooden_sword":1,"minecraft:bone":6,"minecraft:rotten_flesh":1,"minecraft:wheat_seeds":2,"minecraft:cobweb":4,"minecraft:oak_log":7,"minecraft:cobblestone":5,"minecraft:basalt":1}},"DataVersion":3465}