{"stats":{"minecraft:dropped":{"minecraft:wheat_seeds":2,"minecraft:diamond":5,"rats:archeologist_hat":1,"mowziesmobs:umvuthana_mask_faith":1,"minecraft:glow_berries":3,"minecraft:apple":4,"minecraft:chainmail_helmet":1,"minecraft:emerald":3,"minecraft:packed_mud":6,"minecraft:potion":1,"minecraft:iron_leggings":1,"minecraft:wooden_sword":1,"minecraft:string":1,"minecraft:bone":1,"minecraft:golden_chestplate":4,"tetra:geode":2,"minecraft:sandstone_wall":2,"minecraft:chiseled_stone_bricks":6,"minecraft:mud_bricks":2,"minecraft:shield":2,"minecraft:iron_chestplate":1,"minecraft:mossy_stone_bricks":3,"minecraft:stone_bricks":4,"minecraft:basalt":2,"sophisticatedbackpacks:copper_backpack":1,"regions_unexplored:silt_dirt":1},"minecraft:picked_up":{"sophisticatedbackpacks:gold_backpack":1,"minecraft:iron_chestplate":2,"minecraft:ladder":2,"gnumus:gnumus_claw":2,"minecraft:diamond_sword":1,"regions_unexplored:silt_dirt":2,"minecraft:enchanted_book":1,"minecraft:shield":3,"minecraft:string":13,"minecraft:wooden_sword":1,"minecraft:iron_leggings":1,"graveyard:corruption":1,"minecraft:cracked_stone_bricks":1,"minecraft:diamond_leggings":2,"minecraft:cobbled_deepslate":47,"quark:black_shard":4,"minecraft:tipped_arrow":1,"minecraft:sandstone":2,"minecraft:torch":1,"minecraft:spruce_stairs":7,"sophisticatedbackpacks:backpack":1,"pamhc2foodcore:pumpkinbreaditem":8,"minecraft:sandstone_wall":2,"minecraft:golden_chestplate":4,"mowziesmobs:umvuthana_mask_faith":3,"minecraft:tnt":1,"minecraft:arrow":22,"minecraft:diamond_chestplate":1,"minecraft:rotten_flesh":23,"minecraft:decorated_pot":1,"minecraft:deepslate_bricks":1,"minecraft:gold_ingot":18,"gnumus:mouse_skin":4,"minecraft:glow_berries":3,"minecraft:iron_bars":12,"minecraft:skeleton_skull":2,"minecraft:cobblestone":10,"born_in_chaos_v1:corpse_maggot":1,"minecraft:feather":12,"gnumus:gnumus_doubloons":3,"minecraft:leather_chestplate":1,"minecraft:mud_bricks":2,"minecraft:basalt":2,"minecraft:iron_door":1,"minecraft:cut_sandstone":8,"minecraft:leather":1,"gnumus:gnumus_pouch":1,"minecraft:packed_mud":6,"minecraft:tuff":1,"minecraft:oak_log":7,"graveyard:dark_iron_door":1,"minecraft:gunpowder":2,"skilltree:gem":1,"minecraft:lantern":1,"gnumus:gnumus_pouch_2":1,"minecraft:bone":53,"minecraft:smooth_sandstone":4,"minecraft:chipped_anvil":1,"minecraft:stone_bricks":15,"minecraft:wheat_seeds":2,"minecraft:iron_ingot":27,"minecraft:cobweb":4,"minecraft:mossy_stone_bricks":13,"minecraft:oak_planks":1,"minecraft:iron_sword":1,"rats:archeologist_hat":3,"minecraft:polished_andesite_stairs":1,"minecraft:book":3,"minecraft:scaffolding":4,"irons_spellbooks:frozen_bone":6,"minecraft:sweet_berries":1,"minecraft:chiseled_stone_bricks":6,"minecraft:mud_brick_wall":1,"sophisticatedbackpacks:iron_backpack":1,"minecraft:granite_slab":1,"minecraft:spruce_log":3,"minecraft:chiseled_sandstone":1,"minecraft:diamond_shovel":1,"minecraft:blue_terracotta":2,"born_in_chaos_v1:fire_dust":2,"tetra:geode":2,"minecraft:diamond":18,"minecraft:chainmail_leggings":1,"minecraft:iron_helmet":1,"minecraft:diamond_axe":2,"minecraft:bread":64,"minecraft:spruce_sign":2,"wardrobe:silk":28,"minecraft:golden_apple":5,"minecraft:gray_wool":2,"minecraft:emerald":25,"minecraft:chainmail_helmet":1,"minecraft:coal":10,"minecraft:ender_pearl":1,"minecraft:diamond_pickaxe":1},"minecraft:killed":{"naturalist:rattlesnake":1,"minecraft:cave_spider":4,"irons_spellbooks:summoned_zombie":3,"pots_and_mimics:pot_crab":1,"minecraft:spider":4,"minecraft:vindicator":1,"born_in_chaos_v1:maggot":1,"minecraft:skeleton":20,"mowziesmobs:umvuthana_crane":5,"gnumus:gnumus_hunter":1,"minecraft:silverfish":24,"irons_spellbooks:summoned_skeleton":2,"born_in_chaos_v1:firelight_not_despawn":3,"mowziesmobs:umvuthana":9,"gnumus:gnumus_hunter_not_dispawn":2,"naturalist:vulture":1,"minecraft:zombie_villager":1,"born_in_chaos_v1:diamond_termite":1,"naturalist:butterfly":1,"kobolds:kobold_skeleton":4,"born_in_chaos_v1:decrepit_skeleton":2,"minecraft:zombie":17,"minecraft:stray":6,"minecraft:wither_skeleton":7,"graveyard:corrupted_pillager":1},"minecraft:crafted":{"minecraft:oak_planks":28,"minecraft:diamond_leggings":1,"minecraft:iron_boots":1,"sophisticatedbackpacks:iron_backpack":1,"minecraft:iron_helmet":1,"sophisticatedbackpacks:gold_backpack":1,"minecraft:iron_ingot":10,"minecraft:diamond_chestplate":1},"minecraft:mined":{"minecraft:tuff":1,"minecraft:mossy_cobblestone":1,"minecraft:stripped_mangrove_log":2,"minecraft:deepslate_diamond_ore":18,"minecraft:sculk_vein":1,"minecraft:ladder":3,"minecraft:nether_bricks":1,"minecraft:infested_cobblestone":7,"minecraft:decorated_pot":1,"minecraft:stripped_jungle_wood":5,"minecraft:deepslate_bricks":1,"minecraft:polished_andesite_slab":2,"minecraft:spruce_leaves":1,"minecraft:mud_bricks":2,"minecraft:mud_brick_wall":1,"minecraft:infested_chiseled_stone_bricks":1,"minecraft:sandstone":2,"minecraft:chiseled_stone_bricks":4,"minecraft:spawner":30,"minecraft:oak_trapdoor":1,"minecraft:packed_mud":8,"minecraft:chiseled_sandstone":1,"valhelsia_structures:cracked_big_glazed_jar":1,"minecraft:granite_slab":1,"minecraft:gold_block":2,"realmrpg_skeletons:rookie_skeleton":1,"minecraft:vine":4,"minecraft:iron_bars":14,"minecraft:lantern":1,"gnumus:fragile_gnumus_jug":10,"minecraft:stone":13,"regions_unexplored:silt_grass_block":2,"minecraft:cut_sandstone":9,"minecraft:scaffolding":2,"minecraft:basalt":2,"minecraft:smooth_sandstone":6,"minecraft:torch":1,"regions_unexplored:silt_dirt":3,"minecraft:polished_andesite_stairs":1,"minecraft:andesite_slab":3,"supplementaries:sack":1,"minecraft:cobblestone":7,"minecraft:oak_planks":1,"minecraft:sculk":5,"minecraft:iron_door":1,"minecraft:skeleton_skull":2,"minecraft:gray_wool":2,"minecraft:coarse_dirt":2,"minecraft:blue_terracotta":2,"minecraft:tnt":1,"minecraft:grass":2,"kobolds:kobold_skull":1,"minecraft:infested_cracked_stone_bricks":1,"minecraft:sandstone_wall":2,"minecraft:cobweb":6,"minecraft:polished_andesite":1,"minecraft:stone_bricks":11,"minecraft:mossy_stone_bricks":10,"minecraft:chipped_anvil":1,"minecraft:oak_leaves":7,"minecraft:deepslate":51,"minecraft:emerald_block":3},"minecraft:custom":{"minecraft:interact_with_smithing_table":1,"lootr:looted_stat":177,"minecraft:inspect_dropper":2,"minecraft:interact_with_anvil":4,"minecraft:mob_kills":124,"minecraft:interact_with_crafting_table":3,"minecraft:open_barrel":7,"goblintraders:trade_with_goblin":5,"minecraft:damage_dealt_resisted":324,"minecraft:leave_game":8,"minecraft:time_since_death":14733,"minecraft:climb_one_cm":15309,"minecraft:sprint_one_cm":1664655,"minecraft:walk_one_cm":659334,"minecraft:damage_blocked_by_shield":7620,"minecraft:drop":41,"minecraft:play_time":320828,"minecraft:deaths":16,"minecraft:sneak_time":2771,"minecraft:walk_under_water_one_cm":791,"minecraft:jump":3715,"minecraft:walk_on_water_one_cm":14166,"minecraft:total_world_time":320828,"minecraft:time_since_rest":16112,"minecraft:waystone_activated":1,"minecraft:damage_taken":20329,"minecraft:damage_absorbed":331,"minecraft:damage_dealt":24077,"minecraft:swim_one_cm":13095,"minecraft:fly_one_cm":714572,"minecraft:open_chest":2,"minecraft:crouch_one_cm":7108,"minecraft:fall_one_cm":105412},"minecraft:broken":{"mowziesmobs:umvuthana_mask_faith":1,"minecraft:iron_boots":1,"minecraft:shield":1,"minecraft:iron_helmet":1},"minecraft:used":{"minecraft:blue_terracotta":2,"minecraft:shield":102,"minecraft:iron_sword":1,"mowziesmobs:umvuthana_mask_faith":1,"minecraft:smooth_sandstone":4,"minecraft:iron_helmet":1,"minecraft:stone_bricks":85,"minecraft:scaffolding":8,"minecraft:cooked_beef":3,"minecraft:potato":40,"minecraft:cobbled_deepslate":30,"minecraft:mossy_stone_bricks":9,"minecraft:oak_planks":29,"minecraft:ender_pearl":2,"minecraft:cut_sandstone":8,"minecraft:diamond_axe":25,"minecraft:golden_apple":11,"pamhc2foodcore:pumpkinbreaditem":8,"minecraft:diamond_pickaxe":253,"minecraft:bread":193,"minecraft:diamond_sword":446,"minecraft:wooden_sword":8,"minecraft:cobblestone":5}},"DataVersion":3465}