{"stats":{"minecraft:broken":{"mowziesmobs:umvuthana_mask_faith":1,"minecraft:iron_boots":1,"minecraft:iron_helmet":1},"minecraft:used":{"minecraft:blue_terracotta":2,"minecraft:shield":36,"minecraft:smooth_sandstone":4,"minecraft:stone_bricks":12,"minecraft:scaffolding":8,"minecraft:cobbled_deepslate":30,"minecraft:mossy_stone_bricks":9,"minecraft:oak_planks":29,"minecraft:ender_pearl":1,"minecraft:cut_sandstone":8,"minecraft:diamond_axe":8,"minecraft:diamond_pickaxe":178,"minecraft:bread":160,"minecraft:diamond_sword":247,"minecraft:wooden_sword":8,"minecraft:cobblestone":5},"minecraft:custom":{"minecraft:interact_with_smithing_table":1,"lootr:looted_stat":111,"minecraft:inspect_dropper":2,"minecraft:interact_with_anvil":1,"minecraft:mob_kills":80,"minecraft:interact_with_crafting_table":3,"minecraft:open_barrel":7,"minecraft:damage_dealt_resisted":324,"minecraft:leave_game":5,"minecraft:time_since_death":2114,"minecraft:climb_one_cm":12815,"minecraft:sprint_one_cm":1177002,"minecraft:walk_one_cm":432386,"minecraft:damage_blocked_by_shield":2595,"minecraft:drop":27,"minecraft:play_time":230892,"minecraft:deaths":9,"minecraft:sneak_time":2024,"minecraft:walk_under_water_one_cm":791,"minecraft:jump":3187,"minecraft:walk_on_water_one_cm":10370,"minecraft:total_world_time":230892,"minecraft:waystone_activated":1,"minecraft:time_since_rest":2154,"minecraft:damage_taken":14790,"minecraft:damage_dealt":13037,"minecraft:swim_one_cm":13095,"minecraft:fly_one_cm":644557,"minecraft:open_chest":2,"minecraft:crouch_one_cm":4462,"minecraft:fall_one_cm":98181},"minecraft:crafted":{"minecraft:oak_planks":28,"minecraft:diamond_leggings":1,"minecraft:iron_boots":1,"sophisticatedbackpacks:iron_backpack":1,"minecraft:iron_helmet":1,"sophisticatedbackpacks:gold_backpack":1,"minecraft:diamond_chestplate":1},"minecraft:picked_up":{"sophisticatedbackpacks:gold_backpack":1,"minecraft:iron_chestplate":2,"minecraft:ladder":1,"gnumus:gnumus_claw":2,"minecraft:diamond_sword":1,"regions_unexplored:silt_dirt":2,"minecraft:enchanted_book":1,"minecraft:shield":2,"minecraft:string":2,"minecraft:wooden_sword":1,"minecraft:iron_leggings":1,"graveyard:corruption":1,"minecraft:diamond_leggings":1,"minecraft:cobbled_deepslate":38,"quark:black_shard":4,"minecraft:tipped_arrow":1,"sophisticatedbackpacks:backpack":1,"minecraft:sandstone_wall":2,"mowziesmobs:umvuthana_mask_faith":2,"minecraft:tnt":1,"minecraft:arrow":13,"minecraft:diamond_chestplate":1,"minecraft:rotten_flesh":9,"minecraft:decorated_pot":1,"minecraft:deepslate_bricks":1,"minecraft:gold_ingot":18,"gnumus:mouse_skin":4,"minecraft:glow_berries":3,"minecraft:iron_bars":4,"minecraft:skeleton_skull":2,"minecraft:cobblestone":10,"gnumus:gnumus_doubloons":3,"minecraft:mud_bricks":2,"minecraft:feather":12,"minecraft:basalt":2,"minecraft:cut_sandstone":8,"minecraft:leather":1,"gnumus:gnumus_pouch":1,"minecraft:packed_mud":6,"minecraft:oak_log":7,"graveyard:dark_iron_door":1,"skilltree:gem":1,"minecraft:lantern":1,"gnumus:gnumus_pouch_2":1,"minecraft:smooth_sandstone":4,"minecraft:bone":35,"minecraft:chipped_anvil":1,"minecraft:stone_bricks":11,"minecraft:wheat_seeds":2,"minecraft:iron_ingot":27,"minecraft:cobweb":4,"minecraft:mossy_stone_bricks":13,"minecraft:oak_planks":1,"minecraft:book":3,"minecraft:scaffolding":4,"minecraft:polished_andesite_stairs":1,"irons_spellbooks:frozen_bone":6,"minecraft:sweet_berries":1,"minecraft:chiseled_stone_bricks":6,"minecraft:granite_slab":1,"sophisticatedbackpacks:iron_backpack":1,"minecraft:mud_brick_wall":1,"minecraft:chiseled_sandstone":1,"minecraft:blue_terracotta":2,"born_in_chaos_v1:fire_dust":2,"tetra:geode":2,"minecraft:diamond":16,"minecraft:diamond_axe":2,"wardrobe:silk":28,"minecraft:golden_apple":5,"minecraft:gray_wool":2,"minecraft:spruce_sign":2,"minecraft:emerald":25,"minecraft:bread":64,"minecraft:coal":10,"minecraft:ender_pearl":1,"minecraft:diamond_pickaxe":1},"minecraft:killed":{"naturalist:rattlesnake":1,"pots_and_mimics:pot_crab":1,"minecraft:spider":1,"minecraft:vindicator":1,"minecraft:skeleton":10,"mowziesmobs:umvuthana_crane":5,"gnumus:gnumus_hunter":1,"minecraft:silverfish":24,"born_in_chaos_v1:firelight_not_despawn":3,"mowziesmobs:umvuthana":9,"gnumus:gnumus_hunter_not_dispawn":2,"naturalist:vulture":1,"minecraft:zombie_villager":1,"born_in_chaos_v1:diamond_termite":1,"naturalist:butterfly":1,"kobolds:kobold_skeleton":4,"born_in_chaos_v1:decrepit_skeleton":1,"minecraft:zombie":8,"minecraft:stray":3,"graveyard:corrupted_pillager":1},"minecraft:mined":{"minecraft:deepslate_diamond_ore":16,"minecraft:stripped_mangrove_log":2,"minecraft:sculk_vein":1,"minecraft:nether_bricks":1,"minecraft:ladder":1,"minecraft:infested_cobblestone":7,"minecraft:decorated_pot":1,"minecraft:stripped_jungle_wood":5,"minecraft:deepslate_bricks":1,"minecraft:polished_andesite_slab":2,"minecraft:spruce_leaves":1,"minecraft:mud_bricks":2,"minecraft:mud_brick_wall":1,"minecraft:infested_chiseled_stone_bricks":1,"minecraft:sandstone":1,"minecraft:chiseled_stone_bricks":4,"minecraft:spawner":9,"minecraft:oak_trapdoor":1,"minecraft:packed_mud":8,"minecraft:chiseled_sandstone":1,"minecraft:granite_slab":1,"minecraft:gold_block":2,"realmrpg_skeletons:rookie_skeleton":1,"minecraft:vine":1,"minecraft:iron_bars":4,"minecraft:lantern":1,"gnumus:fragile_gnumus_jug":10,"minecraft:stone":11,"regions_unexplored:silt_grass_block":2,"minecraft:cut_sandstone":8,"minecraft:scaffolding":2,"minecraft:basalt":2,"minecraft:smooth_sandstone":6,"regions_unexplored:silt_dirt":3,"minecraft:polished_andesite_stairs":1,"minecraft:andesite_slab":3,"supplementaries:sack":1,"minecraft:cobblestone":7,"minecraft:oak_planks":1,"minecraft:sculk":5,"minecraft:skeleton_skull":2,"minecraft:gray_wool":2,"minecraft:coarse_dirt":2,"minecraft:blue_terracotta":2,"minecraft:tnt":1,"minecraft:grass":2,"kobolds:kobold_skull":1,"minecraft:infested_cracked_stone_bricks":1,"minecraft:sandstone_wall":2,"minecraft:cobweb":1,"minecraft:polished_andesite":1,"minecraft:stone_bricks":6,"minecraft:mossy_stone_bricks":10,"minecraft:chipped_anvil":1,"minecraft:oak_leaves":7,"minecraft:deepslate":42,"minecraft:emerald_block":3},"minecraft:dropped":{"minecraft:wheat_seeds":2,"minecraft:diamond":5,"minecraft:glow_berries":3,"minecraft:emerald":3,"minecraft:packed_mud":6,"minecraft:iron_leggings":1,"minecraft:wooden_sword":1,"minecraft:bone":1,"tetra:geode":2,"minecraft:sandstone_wall":2,"minecraft:chiseled_stone_bricks":6,"minecraft:mud_bricks":2,"minecraft:shield":1,"minecraft:iron_chestplate":1,"minecraft:mossy_stone_bricks":3,"minecraft:stone_bricks":4,"minecraft:basalt":2,"sophisticatedbackpacks:copper_backpack":1,"regions_unexplored:silt_dirt":1}},"DataVersion":3465}