{"stats":{"minecraft:broken":{"minecraft:iron_boots":1,"minecraft:iron_helmet":1},"minecraft:used":{"minecraft:mossy_stone_bricks":9,"minecraft:shield":14,"minecraft:diamond_pickaxe":94,"minecraft:bread":91,"minecraft:stone_bricks":5,"minecraft:diamond_sword":158,"minecraft:wooden_sword":8,"minecraft:cobblestone":5,"minecraft:cobbled_deepslate":16},"minecraft:custom":{"minecraft:interact_with_smithing_table":1,"lootr:looted_stat":56,"minecraft:inspect_dropper":2,"minecraft:mob_kills":47,"minecraft:interact_with_crafting_table":1,"minecraft:open_barrel":7,"minecraft:damage_dealt_resisted":198,"minecraft:leave_game":3,"minecraft:time_since_death":86166,"minecraft:climb_one_cm":4510,"minecraft:time_since_rest":86206,"minecraft:sprint_one_cm":713279,"minecraft:damage_taken":8683,"minecraft:walk_one_cm":288004,"minecraft:damage_blocked_by_shield":840,"minecraft:drop":11,"minecraft:damage_dealt":7791,"minecraft:swim_one_cm":2826,"minecraft:fly_one_cm":426424,"minecraft:crouch_one_cm":1350,"minecraft:play_time":149457,"minecraft:deaths":4,"minecraft:walk_under_water_one_cm":185,"minecraft:sneak_time":587,"minecraft:jump":2176,"minecraft:walk_on_water_one_cm":3648,"minecraft:total_world_time":149457,"minecraft:fall_one_cm":78587},"minecraft:crafted":{"minecraft:oak_planks":28,"sophisticatedbackpacks:gold_backpack":1,"sophisticatedbackpacks:iron_backpack":1},"minecraft:picked_up":{"gnumus:gnumus_doubloons":3,"minecraft:basalt":2,"minecraft:leather":1,"gnumus:gnumus_claw":2,"regions_unexplored:silt_dirt":1,"gnumus:gnumus_pouch":1,"minecraft:oak_log":7,"graveyard:dark_iron_door":1,"skilltree:gem":1,"gnumus:gnumus_pouch_2":1,"minecraft:wooden_sword":1,"minecraft:bone":11,"minecraft:chipped_anvil":1,"minecraft:stone_bricks":7,"graveyard:corruption":1,"minecraft:wheat_seeds":2,"minecraft:cobbled_deepslate":16,"minecraft:cobweb":4,"minecraft:mossy_stone_bricks":9,"quark:black_shard":4,"minecraft:polished_andesite_stairs":1,"minecraft:sweet_berries":1,"minecraft:chiseled_stone_bricks":3,"minecraft:sandstone_wall":1,"minecraft:granite_slab":1,"minecraft:rotten_flesh":6,"tetra:geode":2,"born_in_chaos_v1:fire_dust":2,"minecraft:diamond":7,"minecraft:deepslate_bricks":1,"minecraft:gray_wool":2,"minecraft:diamond_axe":1,"minecraft:spruce_sign":2,"minecraft:gold_ingot":8,"wardrobe:silk":28,"minecraft:emerald":3,"minecraft:glow_berries":3,"gnumus:mouse_skin":4,"minecraft:skeleton_skull":1,"minecraft:cobblestone":10},"minecraft:killed":{"gnumus:gnumus_hunter_not_dispawn":2,"naturalist:vulture":1,"naturalist:rattlesnake":1,"born_in_chaos_v1:diamond_termite":1,"pots_and_mimics:pot_crab":1,"naturalist:butterfly":1,"kobolds:kobold_skeleton":4,"born_in_chaos_v1:decrepit_skeleton":1,"minecraft:zombie":6,"gnumus:gnumus_hunter":1,"minecraft:silverfish":24,"graveyard:corrupted_pillager":1,"born_in_chaos_v1:firelight_not_despawn":3},"minecraft:mined":{"minecraft:deepslate_diamond_ore":7,"minecraft:sculk_vein":1,"minecraft:basalt":2,"regions_unexplored:silt_dirt":3,"minecraft:infested_cobblestone":7,"minecraft:polished_andesite_stairs":1,"minecraft:deepslate_bricks":1,"minecraft:cobblestone":7,"minecraft:sculk":5,"minecraft:chiseled_stone_bricks":4,"minecraft:spawner":2,"minecraft:skeleton_skull":1,"minecraft:gray_wool":2,"minecraft:coarse_dirt":2,"minecraft:granite_slab":1,"minecraft:gold_block":2,"minecraft:grass":1,"realmrpg_skeletons:rookie_skeleton":1,"kobolds:kobold_skull":1,"minecraft:vine":1,"minecraft:infested_cracked_stone_bricks":1,"minecraft:sandstone_wall":2,"gnumus:fragile_gnumus_jug":8,"minecraft:stone":11,"minecraft:stone_bricks":6,"minecraft:polished_andesite":1,"regions_unexplored:silt_grass_block":1,"minecraft:mossy_stone_bricks":9,"minecraft:chipped_anvil":1,"minecraft:oak_leaves":7,"minecraft:deepslate":18,"minecraft:emerald_block":3},"minecraft:dropped":{"minecraft:wheat_seeds":2,"minecraft:diamond":2,"tetra:geode":2,"minecraft:glow_berries":3,"minecraft:emerald":3,"minecraft:wooden_sword":1,"minecraft:basalt":2,"regions_unexplored:silt_dirt":1,"minecraft:bone":1}},"DataVersion":3465}