{"stats":{"minecraft:killed":{"minecraft:zombie":1,"naturalist:butterfly":1,"graveyard:corrupted_pillager":1,"born_in_chaos_v1:decrepit_skeleton":1},"minecraft:custom":{"minecraft:time_since_rest":10187,"lootr:looted_stat":25,"minecraft:sprint_one_cm":311146,"minecraft:damage_taken":5607,"minecraft:walk_one_cm":132985,"minecraft:mob_kills":4,"minecraft:drop":3,"minecraft:damage_dealt":1322,"minecraft:fly_one_cm":176405,"minecraft:open_barrel":4,"minecraft:crouch_one_cm":711,"minecraft:play_time":73438,"minecraft:deaths":4,"minecraft:sneak_time":324,"minecraft:jump":1028,"minecraft:damage_dealt_resisted":198,"minecraft:leave_game":1,"minecraft:time_since_death":10147,"minecraft:walk_on_water_one_cm":247,"minecraft:climb_one_cm":3219,"minecraft:total_world_time":73438,"minecraft:fall_one_cm":45378},"minecraft:mined":{"minecraft:gray_wool":2,"minecraft:sculk_vein":1,"minecraft:basalt":2,"realmrpg_skeletons:rookie_skeleton":1,"minecraft:deepslate_bricks":1,"gnumus:fragile_gnumus_jug":2,"minecraft:stone":11,"minecraft:sculk":5,"minecraft:chipped_anvil":1,"minecraft:oak_leaves":7,"minecraft:deepslate":11,"minecraft:spawner":2},"minecraft:used":{"minecraft:diamond_pickaxe":32,"minecraft:bread":48,"minecraft:diamond_sword":35,"minecraft:wooden_sword":8,"minecraft:cobblestone":5},"minecraft:crafted":{"minecraft:oak_planks":28},"minecraft:dropped":{"minecraft:diamond":2,"minecraft:wooden_sword":1,"minecraft:bone":1},"minecraft:picked_up":{"minecraft:basalt":2,"minecraft:oak_log":7,"graveyard:dark_iron_door":1,"minecraft:wooden_sword":1,"minecraft:bone":6,"minecraft:chipped_anvil":1,"minecraft:rotten_flesh":2,"tetra:geode":2,"graveyard:corruption":1,"minecraft:wheat_seeds":2,"minecraft:cobbled_deepslate":9,"minecraft:deepslate_bricks":1,"minecraft:spruce_sign":2,"minecraft:cobweb":4,"minecraft:gray_wool":2,"quark:black_shard":4,"minecraft:cobblestone":5}},"DataVersion":3465}