{"stats":{"minecraft:killed":{"naturalist:butterfly":1},"minecraft:custom":{"minecraft:open_barrel":1,"minecraft:time_since_rest":22134,"minecraft:play_time":25718,"lootr:looted_stat":12,"minecraft:sprint_one_cm":149173,"minecraft:walk_one_cm":39228,"minecraft:damage_taken":2155,"minecraft:deaths":1,"minecraft:mob_kills":1,"minecraft:drop":3,"minecraft:jump":488,"minecraft:damage_dealt":287,"minecraft:time_since_death":22108,"minecraft:climb_one_cm":1517,"minecraft:total_world_time":25718,"minecraft:fly_one_cm":94415,"minecraft:fall_one_cm":27838},"minecraft:mined":{"realmrpg_skeletons:rookie_skeleton":1,"gnumus:fragile_gnumus_jug":2,"minecraft:basalt":1,"minecraft:stone":4,"minecraft:chipped_anvil":1},"minecraft:used":{"minecraft:diamond_pickaxe":6,"minecraft:diamond_sword":3,"minecraft:wooden_sword":8,"minecraft:bread":10},"minecraft:crafted":{"minecraft:oak_planks":28},"minecraft:dropped":{"minecraft:wooden_sword":1,"minecraft:diamond":2,"minecraft:bone":1},"minecraft:picked_up":{"minecraft:chipped_anvil":1,"minecraft:wooden_sword":1,"minecraft:bone":1,"minecraft:oak_log":7,"minecraft:cobblestone":4,"minecraft:basalt":1}},"DataVersion":3465}