{"stats":{"minecraft:dropped":{"minecraft:bread":1,"minecraft:wheat_seeds":2,"alexsmobs:animal_dictionary":1,"butchersdelight:deadsheep":2,"minecraft:cobblestone":2,"minecraft:cracked_stone_bricks":1,"patchouli:guide_book":2,"minecraft:diamond_sword":2,"minecraft:oak_button":1,"minecraft:leather_boots":1,"minecraft:golden_leggings":1,"minecraft:chainmail_boots":1,"minecraft:wooden_sword":1,"minecraft:wooden_pickaxe":1,"butchersdelight:deadpig":1,"minecraft:stone_pickaxe":1,"minecraft:bucket":1,"minecraft:iron_pickaxe":1,"minecraft:white_wool":2},"minecraft:used":{"quark:ancient_tome":1,"minecraft:water_bucket":12,"valhelsia_structures:white_sleeping_bag":2,"minecraft:stone_pickaxe":68,"minecraft:wooden_pickaxe":10,"minecraft:torch":1,"minecraft:crafting_table":3,"alexsmobs:frilled_shark_bucket":1,"minecraft:diamond_pickaxe":89,"minecraft:bread":26,"minecraft:iron_pickaxe":186,"minecraft:diamond_sword":123,"minecraft:wooden_sword":30,"minecraft:cobblestone":50,"alexsmobs:animal_dictionary":3,"minecraft:bucket":12,"minecraft:cooked_beef":7,"minecraft:cobbled_deepslate":144},"minecraft:crafted":{"minecraft:oak_planks":16,"minecraft:diamond_sword":2,"minecraft:crafting_table":2,"minecraft:wooden_pickaxe":1,"minecraft:diamond_pickaxe":1,"minecraft:stick":8,"minecraft:iron_pickaxe":1,"minecraft:stone_pickaxe":1,"minecraft:oak_button":1},"minecraft:killed_by":{"minecraft:player":2},"minecraft:mined":{"minecraft:podzol":3,"realmrpg_skeletons:waterdrop_skeleton":1,"minecraft:oak_slab":3,"minecraft:mossy_cobblestone":1,"valhelsia_structures:white_sleeping_bag":2,"minecraft:deepslate_diamond_ore":12,"minecraft:black_terracotta":1,"tetra:block_geode":1,"minecraft:dark_oak_log":1,"minecraft:dandelion":4,"valhelsia_structures:cracked_big_glazed_jar_top":1,"born_in_chaos_v1:infected_diamond_ore":2,"minecraft:crafting_table":1,"born_in_chaos_v1:infected_deepslate_diamond_ore":3,"butchersdelight:deadsheepblock":3,"minecraft:cobbled_deepslate_slab":1,"minecraft:grass_block":3,"minecraft:calcite":2,"realmrpg_skeletons:basic_skeleton":1,"minecraft:poppy":7,"minecraft:melon":5,"minecraft:sculk_sensor":2,"supplementaries:sack":1,"minecraft:brown_mushroom_block":2,"minecraft:cobblestone":11,"minecraft:moss_block":1,"butchersdelight:deadpigblock":1,"minecraft:oak_planks":1,"minecraft:sculk":1,"minecraft:spawner":5,"supplementaries:urn":2,"valhelsia_structures:big_yellow_glazed_jar":1,"minecraft:stone_stairs":1,"gnumus:scion_weed":1,"minecraft:brown_stained_glass":1,"minecraft:iron_ore":2,"minecraft:cobbled_deepslate":18,"minecraft:fire":3,"valhelsia_structures:cracked_big_glazed_jar":1,"minecraft:black_wall_banner":4,"minecraft:spruce_log":1,"realmrpg_skeletons:acrobat_skeleton":2,"minecraft:black_bed":2,"minecraft:black_carpet":1,"realmrpg_skeletons:devastated_skeleton":1,"minecraft:grass":17,"minecraft:sculk_shrieker":1,"realmrpg_skeletons:melted_skeleton":1,"minecraft:oak_log":3,"minecraft:deepslate_iron_ore":8,"minecraft:oak_stairs":2,"minecraft:spruce_pressure_plate":6,"minecraft:dirt":2,"minecraft:sandstone_wall":1,"minecraft:brown_terracotta":1,"minecraft:spruce_wood":4,"minecraft:cracked_stone_bricks":1,"minecraft:smooth_basalt":3,"minecraft:stone":40,"minecraft:red_mushroom_block":2,"minecraft:dispenser":1,"minecraft:polished_andesite":4,"regions_unexplored:redwood_log":3,"pots_and_mimics:treasure_pot":4,"minecraft:deepslate":170,"minecraft:fern":1},"minecraft:custom":{"lootr:looted_stat":87,"minecraft:mob_kills":32,"minecraft:interact_with_crafting_table":6,"minecraft:open_barrel":40,"minecraft:leave_game":7,"minecraft:time_since_death":9699,"minecraft:sleep_in_bed":2,"minecraft:climb_one_cm":5322,"minecraft:time_since_rest":9729,"minecraft:sprint_one_cm":723379,"minecraft:damage_taken":13338,"minecraft:walk_one_cm":376823,"minecraft:drop":22,"minecraft:damage_dealt":7216,"minecraft:swim_one_cm":268169,"minecraft:fly_one_cm":384687,"minecraft:open_chest":1,"minecraft:crouch_one_cm":17848,"minecraft:play_time":242542,"minecraft:deaths":36,"minecraft:sneak_time":9197,"minecraft:walk_under_water_one_cm":277754,"minecraft:jump":2290,"minecraft:walk_on_water_one_cm":77477,"minecraft:total_world_time":242542,"minecraft:fall_one_cm":40024},"minecraft:killed":{"minecraft:cave_spider":3,"minecraft:zombie_villager":1,"pots_and_mimics:pot_crab":1,"minecraft:spider":2,"minecraft:creeper":1,"born_in_chaos_v1:maggot":2,"minecraft:skeleton":2,"minecraft:sheep":2,"minecraft:pillager":1,"minecraft:zombie":13,"minecraft:drowned":1},"minecraft:picked_up":{"minecraft:crafting_table":1,"minecraft:water_bucket":1,"minecraft:diamond_sword":1,"minecraft:black_bed":2,"minecraft:golden_leggings":1,"butchersdelight:deadpig":4,"minecraft:oak_log":4,"minecraft:golden_boots":1,"skilltree:gem":4,"minecraft:armor_stand":1,"minecraft:bone":8,"minecraft:apple":2,"minecraft:sea_pickle":3,"minecraft:cracked_stone_bricks":1,"minecraft:wheat_seeds":2,"minecraft:cobbled_deepslate":151,"minecraft:poppy":7,"minecraft:melon_slice":30,"minecraft:golden_helmet":1,"minecraft:raw_iron":8,"supplementaries:sack":1,"minecraft:dandelion":4,"sophisticatedbackpacks:backpack":1,"minecraft:cookie":5,"valhelsia_structures:white_sleeping_bag":3,"minecraft:golden_chestplate":1,"minecraft:arrow":2,"butchersdelight:deadsheep":5,"minecraft:diamond":11,"quark:violet_corundum_cluster":1,"minecraft:bread":5,"minecraft:bone_meal":4,"minecraft:black_banner":4,"minecraft:emerald":3,"minecraft:coal":1,"minecraft:white_wool":2,"minecraft:cobblestone":42}},"DataVersion":3465}