{"stats":{"minecraft:dropped":{"minecraft:leather_boots":1,"sophisticatedbackpacks:copper_backpack":1},"minecraft:picked_up":{"minecraft:stick":2,"minecraft:iron_chestplate":1,"sophisticatedbackpacks:backpack":1,"butchersdelight:cow_hide":2,"minecraft:golden_shovel":1,"minecraft:golden_axe":1,"minecraft:oak_log":5,"butchersdelightfoods:beefribs":1,"farmersdelight:flint_knife":1,"minecraft:iron_leggings":1,"minecraft:leather_boots":1,"minecraft:rotten_flesh":1,"butchersdelight:dead_cow":3,"minecraft:iron_helmet":1,"minecraft:beef":1,"sophisticatedbackpacks:copper_backpack":1,"minecraft:oak_sapling":4,"minecraft:cobblestone":1,"minecraft:iron_boots":1},"minecraft:killed":{"minecraft:zombie":3},"minecraft:crafted":{"minecraft:cooked_beef":1,"minecraft:oak_planks":20,"minecraft:crafting_table":1,"minecraft:iron_sword":1,"butchersdelightfoods:cookedbeefribs":1,"minecraft:air":0},"minecraft:mined":{"butchersdelight:deadcowblock":1,"minecraft:grass":1,"minecraft:oak_log":5,"minecraft:fern":3},"minecraft:custom":{"minecraft:time_since_rest":66430,"lootr:looted_stat":2,"minecraft:sprint_one_cm":44346,"minecraft:damage_taken":303,"minecraft:walk_one_cm":83498,"minecraft:mob_kills":3,"minecraft:drop":2,"minecraft:damage_dealt":779,"minecraft:interact_with_crafting_table":2,"minecraft:fly_one_cm":36071,"minecraft:open_chest":2,"minecraft:crouch_one_cm":2176,"minecraft:play_time":66430,"minecraft:sneak_time":1041,"minecraft:damage_dealt_resisted":144,"minecraft:jump":207,"minecraft:interact_with_blast_furnace":2,"minecraft:leave_game":2,"minecraft:time_since_death":66430,"minecraft:walk_on_water_one_cm":359,"minecraft:interact_with_smoker":8,"minecraft:total_world_time":66430,"minecraft:fall_one_cm":4176},"minecraft:used":{"minecraft:bread":8,"minecraft:iron_sword":18,"minecraft:wooden_sword":4,"farmersdelight:flint_knife":1,"minecraft:crafting_table":1}},"DataVersion":3465}