{"stats":{"minecraft:dropped":{"minecraft:leather_boots":1,"sophisticatedbackpacks:copper_backpack":1},"minecraft:picked_up":{"minecraft:stick":2,"minecraft:iron_chestplate":1,"sophisticatedbackpacks:backpack":1,"butchersdelight:cow_hide":2,"minecraft:golden_shovel":1,"minecraft:golden_axe":1,"minecraft:oak_log":5,"butchersdelightfoods:beefribs":1,"farmersdelight:flint_knife":1,"minecraft:iron_leggings":1,"minecraft:leather_boots":1,"butchersdelight:dead_cow":3,"minecraft:iron_helmet":1,"minecraft:beef":1,"sophisticatedbackpacks:copper_backpack":1,"minecraft:oak_sapling":4,"minecraft:iron_boots":1},"minecraft:killed":{"minecraft:zombie":1},"minecraft:crafted":{"minecraft:oak_planks":20,"minecraft:crafting_table":1,"minecraft:iron_sword":1},"minecraft:mined":{"butchersdelight:deadcowblock":1,"minecraft:grass":1,"minecraft:oak_log":5,"minecraft:fern":3},"minecraft:custom":{"minecraft:time_since_rest":54430,"lootr:looted_stat":2,"minecraft:sprint_one_cm":36032,"minecraft:damage_taken":259,"minecraft:walk_one_cm":60662,"minecraft:mob_kills":1,"minecraft:drop":2,"minecraft:damage_dealt":433,"minecraft:interact_with_crafting_table":2,"minecraft:fly_one_cm":35117,"minecraft:open_chest":2,"minecraft:crouch_one_cm":1634,"minecraft:play_time":54430,"minecraft:sneak_time":895,"minecraft:damage_dealt_resisted":144,"minecraft:jump":203,"minecraft:leave_game":2,"minecraft:time_since_death":54430,"minecraft:walk_on_water_one_cm":359,"minecraft:total_world_time":54430,"minecraft:fall_one_cm":4176},"minecraft:used":{"minecraft:bread":4,"minecraft:iron_sword":9,"minecraft:wooden_sword":4,"farmersdelight:flint_knife":1,"minecraft:crafting_table":1}},"DataVersion":3465}