{"stats":{"minecraft:picked_up":{"minecraft:stick":2,"minecraft:oak_log":5,"butchersdelight:dead_cow":3,"minecraft:oak_sapling":4},"minecraft:crafted":{"minecraft:oak_planks":20},"minecraft:mined":{"minecraft:grass":1,"minecraft:oak_log":5,"butchersdelight:deadcowblock":1,"minecraft:fern":3},"minecraft:custom":{"minecraft:jump":122,"minecraft:time_since_rest":25924,"minecraft:crouch_one_cm":31,"minecraft:damage_dealt":200,"minecraft:leave_game":1,"minecraft:sprint_one_cm":18018,"minecraft:play_time":25924,"minecraft:time_since_death":25924,"minecraft:walk_one_cm":20823,"minecraft:sneak_time":85,"minecraft:total_world_time":25924,"minecraft:fall_one_cm":2626,"minecraft:fly_one_cm":22139},"minecraft:used":{"minecraft:wooden_sword":4}},"DataVersion":3465}