{"stats":{"minecraft:dropped":{"sophisticatedbackpacks:copper_backpack":1},"minecraft:picked_up":{"minecraft:iron_chestplate":1,"minecraft:iron_leggings":1,"minecraft:stick":2,"butchersdelight:dead_cow":3,"sophisticatedbackpacks:backpack":1,"minecraft:iron_helmet":1,"minecraft:oak_log":5,"sophisticatedbackpacks:copper_backpack":1,"minecraft:oak_sapling":4,"minecraft:iron_boots":1},"minecraft:crafted":{"minecraft:oak_planks":20},"minecraft:mined":{"minecraft:grass":1,"minecraft:oak_log":5,"butchersdelight:deadcowblock":1,"minecraft:fern":3},"minecraft:custom":{"minecraft:time_since_rest":38418,"minecraft:crouch_one_cm":31,"minecraft:play_time":38418,"minecraft:sprint_one_cm":18018,"minecraft:damage_taken":10,"minecraft:walk_one_cm":23894,"minecraft:sneak_time":139,"minecraft:drop":1,"minecraft:jump":123,"minecraft:damage_dealt":200,"minecraft:leave_game":2,"minecraft:time_since_death":38418,"minecraft:total_world_time":38418,"minecraft:fly_one_cm":22179,"minecraft:fall_one_cm":2626},"minecraft:used":{"minecraft:wooden_sword":4}},"DataVersion":3465}