{"stats":{"minecraft:dropped":{"sophisticatedbackpacks:copper_backpack":1},"minecraft:picked_up":{"minecraft:stick":2,"minecraft:iron_leggings":1,"minecraft:iron_chestplate":1,"butchersdelight:dead_cow":3,"butchersdelight:cow_hide":2,"sophisticatedbackpacks:backpack":1,"minecraft:iron_helmet":1,"minecraft:beef":1,"minecraft:golden_shovel":1,"minecraft:golden_axe":1,"minecraft:oak_log":5,"sophisticatedbackpacks:copper_backpack":1,"minecraft:oak_sapling":4,"butchersdelightfoods:beefribs":1,"farmersdelight:flint_knife":1,"minecraft:iron_boots":1},"minecraft:crafted":{"minecraft:oak_planks":20},"minecraft:mined":{"minecraft:grass":1,"minecraft:oak_log":5,"butchersdelight:deadcowblock":1,"minecraft:fern":3},"minecraft:custom":{"minecraft:time_since_rest":42430,"minecraft:crouch_one_cm":31,"lootr:looted_stat":1,"minecraft:play_time":42430,"minecraft:sprint_one_cm":22251,"minecraft:damage_taken":10,"minecraft:walk_one_cm":34063,"minecraft:sneak_time":139,"minecraft:drop":1,"minecraft:jump":145,"minecraft:damage_dealt":205,"minecraft:leave_game":2,"minecraft:time_since_death":42430,"minecraft:total_world_time":42430,"minecraft:fall_one_cm":3044,"minecraft:fly_one_cm":26707},"minecraft:used":{"minecraft:wooden_sword":4,"farmersdelight:flint_knife":1,"minecraft:bread":1}},"DataVersion":3465}