{"stats":{"minecraft:killed":{"minecraft:witch":1},"minecraft:custom":{"minecraft:jump":26,"minecraft:time_since_rest":3568,"minecraft:damage_dealt":220,"minecraft:crouch_one_cm":468,"minecraft:sprint_one_cm":3585,"minecraft:play_time":3568,"minecraft:damage_taken":70,"minecraft:time_since_death":3568,"minecraft:walk_one_cm":14720,"minecraft:sneak_time":596,"minecraft:total_world_time":3568,"minecraft:mob_kills":1,"minecraft:drop":1,"minecraft:fly_one_cm":398},"minecraft:used":{"minecraft:wooden_sword":6},"minecraft:dropped":{"minecraft:wooden_sword":1},"minecraft:picked_up":{"minecraft:wooden_sword":1,"minecraft:gunpowder":4}},"DataVersion":3465}