{"stats":{"minecraft:killed":{"minecraft:witch":1,"born_in_chaos_v1:door_knight_not_despawn":1,"minecraft:spider":1,"graveyard:wraith":2,"born_in_chaos_v1:decrepit_skeleton":1,"born_in_chaos_v1:maggot":2,"minecraft:sheep":1,"minecraft:pillager":1,"graveyard:corrupted_pillager":2},"minecraft:custom":{"minecraft:interact_with_smithing_table":1,"lootr:looted_stat":21,"minecraft:mob_kills":12,"minecraft:interact_with_crafting_table":1,"minecraft:open_barrel":5,"minecraft:damage_dealt_resisted":833,"minecraft:time_since_death":22415,"minecraft:sleep_in_bed":1,"minecraft:climb_one_cm":4327,"minecraft:waystone_activated":1,"minecraft:time_since_rest":1982,"minecraft:sprint_one_cm":114526,"minecraft:damage_taken":4718,"minecraft:walk_one_cm":328253,"minecraft:damage_blocked_by_shield":900,"minecraft:drop":30,"minecraft:damage_dealt":3587,"minecraft:talked_to_villager":24,"minecraft:fly_one_cm":105386,"minecraft:crouch_one_cm":5481,"minecraft:play_time":87568,"minecraft:deaths":8,"minecraft:sneak_time":3230,"minecraft:walk_under_water_one_cm":1810,"minecraft:jump":916,"minecraft:walk_on_water_one_cm":823,"minecraft:total_world_time":87568,"minecraft:fall_one_cm":48856},"minecraft:mined":{"valhelsia_structures:light_gray_sleeping_bag":2,"tetra:block_geode":2,"minecraft:sculk_vein":2,"regions_unexplored:volcanic_ash":5,"minecraft:sculk_sensor":1,"graveyard:dark_iron_door":1,"minecraft:sculk":6,"minecraft:spawner":2,"valhelsia_structures:brown_sleeping_bag":1,"minecraft:hay_block":2,"minecraft:black_stained_glass":2,"minecraft:sculk_catalyst":1,"realmrpg_skeletons:webbed_skeleton":1,"minecraft:iron_ore":50,"graveyard:dark_iron_bars":1,"minecraft:coal_ore":84,"amendments:wall_lantern":1,"minecraft:lantern":6,"gnumus:fragile_gnumus_jug":1,"realmrpg_skeletons:arrow_skeleton":1,"minecraft:stone":23,"sophisticatedbackpacks:backpack":1,"minecraft:deepslate":23},"minecraft:used":{"minecraft:baked_potato":6,"minecraft:shield":5,"farmersdelight:cabbage":8,"minecraft:iron_sword":81,"valhelsia_structures:light_gray_sleeping_bag":1,"minecraft:leather_boots":1,"minecraft:iron_chestplate":1,"minecraft:crafting_table":1,"minecraft:obsidian":2,"pamhc2foodcore:pumpkinbreaditem":26,"sophisticatedbackpacks:backpack":1,"minecraft:lantern":5,"minecraft:iron_pickaxe":211,"minecraft:iron_helmet":1,"minecraft:iron_boots":2,"minecraft:wooden_sword":11,"minecraft:sweet_berries":5,"minecraft:smithing_table":1,"minecraft:iron_leggings":1},"minecraft:crafted":{"minecraft:crafting_table":1,"minecraft:smithing_table":1,"minecraft:air":0},"minecraft:dropped":{"farmersdelight:cabbage_seeds":45,"minecraft:iron_helmet":1,"sophisticatedbackpacks:backpack":1,"minecraft:gunpowder":4,"minecraft:melon_seeds":2,"skilltree:gem":1,"minecraft:leather_boots":1,"minecraft:iron_leggings":1,"minecraft:wooden_sword":2,"valhelsia_structures:brown_sleeping_bag":1,"minecraft:white_wool":2,"quark:black_shard":4},"minecraft:picked_up":{"born_in_chaos_v1:corpse_maggot":2,"minecraft:leather":2,"valhelsia_structures:brown_sleeping_bag":1,"minecraft:gunpowder":4,"skilltree:gem":22,"farmersdelight:tomato":11,"minecraft:string":2,"minecraft:lantern":7,"minecraft:wooden_sword":1,"minecraft:bone":2,"butchersdelight:dead_cow":5,"graveyard:corruption":2,"minecraft:cobbled_deepslate":22,"farmersdelight:cabbage":8,"minecraft:bucket":1,"quark:black_shard":4,"minecraft:moss_block":2,"valhelsia_structures:light_gray_sleeping_bag":2,"farmersdelight:cabbage_seeds":45,"minecraft:raw_iron":50,"minecraft:sweet_berries":2,"sophisticatedbackpacks:backpack":2,"graveyard:dark_iron_bars":1,"minecraft:spider_eye":1,"minecraft:arrow":3,"butchersdelight:deadsheep":1,"minecraft:rotten_flesh":5,"minecraft:diamond":2,"farmersdelight:onion":22,"minecraft:hay_block":2,"gnumus:gnumus_chickpeas":3,"minecraft:melon_seeds":2,"minecraft:coal":83,"minecraft:white_wool":2,"minecraft:cobblestone":23}},"DataVersion":3465}