{"stats":{"minecraft:broken":{"minecraft:iron_boots":1,"minecraft:iron_chestplate":1,"minecraft:iron_leggings":1,"minecraft:shield":1,"minecraft:iron_pickaxe":1},"minecraft:used":{"minecraft:beetroot":5,"minecraft:shield":68,"farmersdelight:cabbage":8,"minecraft:iron_sword":541,"minecraft:iron_chestplate":2,"minecraft:carrot":9,"minecraft:obsidian":2,"farmersdelight:tomato":11,"minecraft:lantern":26,"minecraft:iron_helmet":1,"minecraft:stone_bricks":6,"minecraft:bow":5,"minecraft:written_book":2,"minecraft:sweet_berries":5,"minecraft:furnace":2,"minecraft:mossy_stone_bricks":2,"minecraft:damaged_anvil":4,"minecraft:sandstone":2,"kobolds:kobold_iron_pickaxe":72,"alexscaves:cave_book":1,"minecraft:blast_furnace":1,"pamhc2foodcore:pumpkinbreaditem":56,"sophisticatedbackpacks:backpack":1,"minecraft:bread":34,"minecraft:diamond_sword":46,"minecraft:wooden_sword":11,"minecraft:smithing_table":1,"sophisticatedbackpacks:iron_backpack":1,"minecraft:flint_and_steel":8,"minecraft:cooked_salmon":3,"valhelsia_structures:light_gray_sleeping_bag":1,"minecraft:cooked_chicken":2,"minecraft:torch":77,"minecraft:dirt":1,"minecraft:iron_axe":7,"minecraft:iron_boots":2,"minecraft:cobbled_deepslate":38,"minecraft:iron_leggings":1,"sophisticatedbackpacks:gold_backpack":1,"minecraft:cobblestone_stairs":2,"minecraft:bundle":1,"minecraft:baked_potato":22,"minecraft:cut_sandstone":2,"minecraft:leather_boots":1,"minecraft:mossy_cobblestone":4,"farmersdelight:onion":29,"minecraft:crafting_table":6,"minecraft:diamond_pickaxe":242,"minecraft:apple":41,"minecraft:iron_pickaxe":254,"minecraft:map":1,"minecraft:cobblestone":16,"minecraft:pumpkin_pie":1},"minecraft:custom":{"lootr:looted_stat":138,"minecraft:interact_with_crafting_table":21,"minecraft:open_barrel":9,"minecraft:leave_game":5,"minecraft:time_since_death":23631,"minecraft:sprint_one_cm":580194,"minecraft:damage_blocked_by_shield":5295,"minecraft:drop":106,"minecraft:talked_to_villager":25,"minecraft:play_time":372242,"minecraft:deaths":19,"minecraft:jump":2907,"minecraft:walk_on_water_one_cm":7836,"minecraft:interact_with_furnace":29,"minecraft:interact_with_cartography_table":1,"minecraft:interact_with_loom":1,"minecraft:sleep_in_bed":1,"minecraft:waystone_activated":1,"minecraft:damage_dealt":23317,"minecraft:crouch_one_cm":5981,"minecraft:interact_with_smithing_table":3,"minecraft:interact_with_anvil":19,"minecraft:mob_kills":139,"minecraft:damage_dealt_resisted":867,"minecraft:climb_one_cm":14658,"minecraft:walk_one_cm":1098600,"minecraft:sneak_time":4964,"minecraft:walk_under_water_one_cm":2248,"minecraft:interact_with_blast_furnace":6,"minecraft:total_world_time":372242,"minecraft:interact_with_grindstone":1,"minecraft:time_since_rest":23670,"minecraft:damage_taken":17734,"minecraft:swim_one_cm":15155,"minecraft:fly_one_cm":490291,"minecraft:open_chest":14,"minecraft:fall_one_cm":119852},"minecraft:crafted":{"minecraft:iron_boots":1,"minecraft:emerald":9,"minecraft:crafting_table":3,"minecraft:smithing_table":1,"minecraft:iron_chestplate":1,"minecraft:diamond_pickaxe":1,"minecraft:iron_ingot":80,"minecraft:gold_ingot":54,"minecraft:furnace":2,"sophisticatedbackpacks:iron_backpack":2,"minecraft:diamond_sword":1,"sophisticatedbackpacks:gold_backpack":2,"minecraft:air":0,"minecraft:iron_leggings":1,"minecraft:torch":12},"minecraft:picked_up":{"minecraft:iron_chestplate":3,"minecraft:wheat":1,"minecraft:anvil":2,"kobolds:kobold_iron_pickaxe":1,"minecraft:smithing_table":1,"minecraft:stone_slab":2,"minecraft:enchanted_book":4,"minecraft:potion":1,"minecraft:brewing_stand":3,"regions_unexplored:prismarite_cluster":1,"minecraft:string":10,"minecraft:raw_copper":3,"minecraft:cooked_salmon":3,"minecraft:diamond_leggings":1,"minecraft:cobbled_deepslate":100,"minecraft:bucket":1,"farmersdelight:cabbage":8,"tetra:metal_scrap":2,"minecraft:cobblestone_slab":1,"minecraft:written_book":1,"quark:black_shard":4,"minecraft:coal_block":3,"valhelsia_structures:light_gray_sleeping_bag":2,"farmersdelight:cabbage_seeds":45,"minecraft:furnace":2,"minecraft:stick":3,"regions_unexplored:elephant_ear":1,"mowziesmobs:sol_visage":1,"minecraft:torch":6,"minecraft:sandstone_wall":2,"minecraft:golden_chestplate":4,"minecraft:rotten_flesh":23,"farmersdelight:onion":22,"gnumus:gnumus_chickpeas":3,"minecraft:obsidian":8,"minecraft:iron_bars":4,"minecraft:cobblestone":41,"minecraft:leather_chestplate":1,"minecraft:feather":15,"minecraft:iron_door":1,"minecraft:smoker":4,"tetra:thermal_cell":1,"create:raw_zinc":1,"minecraft:dirt":1,"skilltree:gem":27,"minecraft:lapis_lazuli":61,"farmersdelight:tomato":11,"minecraft:lantern":26,"minecraft:bone":55,"minecraft:bow":3,"minecraft:wheat_seeds":4,"minecraft:raw_gold":9,"minecraft:mossy_stone_bricks":2,"minecraft:moss_block":5,"minecraft:oak_planks":19,"irons_spellbooks:frozen_bone":7,"minecraft:sand":2,"sophisticatedbackpacks:iron_backpack":1,"minecraft:chiseled_sandstone":1,"minecraft:mossy_cobblestone":4,"minecraft:bundle":1,"minecraft:blue_terracotta":2,"minecraft:diamond":7,"minecraft:chainmail_helmet":2,"minecraft:bread":1,"sophisticatedbackpacks:gold_backpack":1,"born_in_chaos_v1:diamond_termite_shard":1,"minecraft:crafting_table":4,"kobolds:kobold_skull":1,"minecraft:sandstone_slab":1,"minecraft:splash_potion":1,"minecraft:ladder":2,"minecraft:gold_block":6,"valhelsia_structures:brown_sleeping_bag":1,"minecraft:iron_axe":1,"minecraft:wooden_sword":1,"butchersdelight:dead_cow":9,"graveyard:corruption":2,"minecraft:iron_nugget":6,"minecraft:raw_iron":75,"minecraft:sandstone":12,"regions_unexplored:ash_vent":1,"sophisticatedbackpacks:backpack":2,"graveyard:dark_iron_bars":1,"minecraft:redstone":105,"minecraft:diamond_chestplate":1,"minecraft:arrow":37,"butchersdelight:deadsheep":1,"minecraft:decorated_pot":1,"minecraft:nether_bricks":2,"minecraft:diamond_boots":1,"minecraft:hay_block":2,"alexscaves:spelunkery_table":1,"sophisticatedbackpacks:copper_backpack":1,"minecraft:white_wool":2,"born_in_chaos_v1:corpse_maggot":4,"minecraft:mud_bricks":2,"minecraft:basalt":2,"minecraft:cut_sandstone":5,"minecraft:leather":2,"minecraft:packed_mud":6,"minecraft:chainmail_chestplate":1,"minecraft:golden_boots":1,"minecraft:gunpowder":4,"minecraft:cobblestone_stairs":2,"minecraft:smooth_sandstone":1,"minecraft:apple":8,"minecraft:stone_bricks":11,"mowziesmobs:umvuthana_mask_rage":2,"minecraft:cooked_chicken":2,"minecraft:iron_sword":1,"rats:archeologist_hat":7,"minecraft:emerald_block":1,"minecraft:sweet_berries":2,"minecraft:chiseled_stone_bricks":6,"supplementaries:sack":2,"minecraft:amethyst_shard":4,"minecraft:blast_furnace":2,"minecraft:spider_eye":3,"minecraft:leather_helmet":1,"wardrobe:silk":43,"minecraft:baked_potato":6,"minecraft:damaged_anvil":5,"minecraft:melon_seeds":2,"minecraft:coal":191},"minecraft:killed":{"naturalist:rattlesnake":1,"minecraft:cave_spider":1,"minecraft:witch":1,"pots_and_mimics:pot_crab":3,"born_in_chaos_v1:door_knight_not_despawn":1,"mowziesmobs:umvuthi":1,"minecraft:spider":5,"graveyard:wraith":2,"minecraft:skeleton":15,"mowziesmobs:umvuthana_crane":6,"minecraft:silverfish":25,"irons_spellbooks:summoned_skeleton":1,"born_in_chaos_v1:diamond_termite":1,"minecraft:zombie_villager":1,"minecraft:sheep":1,"minecraft:pillager":1,"minecraft:zombie":14,"minecraft:stray":3,"graveyard:corrupted_pillager":2,"irons_spellbooks:summoned_zombie":2,"alexsmobs:tarantula_hawk":1,"minecraft:zoglin":1,"born_in_chaos_v1:maggot":10,"mowziesmobs:umvuthana":8,"minecraft:husk":13,"alexsmobs:guster":1,"kobolds:kobold_skeleton":2,"born_in_chaos_v1:decrepit_skeleton":1,"pots_and_mimics:poison_pot_crab":1,"minecraft:wither_skeleton":9},"minecraft:mined":{"quark:dark_oak_bookshelf":1,"create:deepslate_zinc_ore":1,"valhelsia_structures:light_gray_sleeping_bag":2,"minecraft:cobblestone_stairs":2,"minecraft:sculk_vein":2,"sophisticatedbackpacks:gold_backpack":1,"minecraft:brewing_stand":3,"minecraft:obsidian":8,"minecraft:acacia_log":1,"minecraft:infested_cobblestone":2,"sophisticatedbackpacks:iron_backpack":1,"tetra:forged_crate":2,"graveyard:dark_iron_door":1,"minecraft:coal_block":3,"regions_unexplored:elephant_ear":1,"minecraft:mud_bricks":1,"minecraft:chiseled_stone_bricks":4,"minecraft:spawner":22,"minecraft:sculk_catalyst":1,"minecraft:iron_ore":50,"minecraft:cobbled_deepslate":5,"minecraft:deepslate_lapis_ore":9,"minecraft:anvil":2,"amendments:wall_lantern":8,"minecraft:iron_bars":8,"valhelsia_structures:light_blue_glazed_jar":2,"betterarcheology:loot_vase":4,"valhelsia_structures:big_glazed_jar":2,"minecraft:deepslate_redstone_ore":23,"minecraft:sandstone_slab":1,"minecraft:cut_sandstone":5,"minecraft:smoker":4,"minecraft:blast_furnace":2,"minecraft:cobblestone":14,"minecraft:damaged_anvil":5,"minecraft:iron_door":1,"minecraft:wall_torch":6,"minecraft:blue_terracotta":3,"realmrpg_skeletons:webbed_skeleton":1,"valhelsia_structures:orange_glazed_jar":1,"minecraft:stone_brick_stairs":7,"minecraft:infested_mossy_stone_bricks":4,"minecraft:grass":1,"minecraft:sand":2,"minecraft:infested_cracked_stone_bricks":5,"minecraft:sandstone_wall":2,"minecraft:tripwire_hook":2,"betterarcheology:villager_fossil_head":1,"minecraft:deepslate":88,"minecraft:emerald_block":1,"alexscaves:spelunkery_table":1,"minecraft:mossy_cobblestone":4,"tetra:block_geode":2,"born_in_chaos_v1:infected_diamond_ore":2,"minecraft:nether_bricks":4,"minecraft:decorated_pot":1,"minecraft:moss_block":1,"minecraft:sandstone":14,"valhelsia_structures:brown_sleeping_bag":1,"minecraft:hay_block":3,"minecraft:furnace":2,"minecraft:chiseled_sandstone":1,"minecraft:gold_block":4,"minecraft:deepslate_iron_ore":23,"minecraft:cobblestone_slab":1,"minecraft:vine":2,"minecraft:lantern":18,"valhelsia_structures:big_glazed_jar_top":2,"regions_unexplored:ash_vent":1,"realmrpg_skeletons:arrow_skeleton":1,"gnumus:fragile_gnumus_jug":1,"minecraft:stone":26,"sophisticatedbackpacks:backpack":1,"valhelsia_structures:purple_glazed_jar":2,"minecraft:podzol":1,"minecraft:smithing_table":1,"minecraft:basalt":4,"minecraft:smooth_sandstone":1,"minecraft:crafting_table":4,"regions_unexplored:volcanic_ash":5,"minecraft:sculk_sensor":1,"minecraft:stone_slab":1,"minecraft:tall_grass":1,"minecraft:deepslate_gold_ore":2,"minecraft:sculk":6,"regions_unexplored:prismarite_cluster":1,"supplementaries:urn":8,"minecraft:black_stained_glass":2,"betterarcheology:loot_vase_creeper":1,"graveyard:dark_iron_bars":1,"minecraft:coal_ore":89,"minecraft:cobweb":3,"minecraft:cracked_stone_bricks":3,"minecraft:stone_bricks":13,"minecraft:mossy_stone_bricks":3,"pots_and_mimics:treasure_pot":9},"minecraft:dropped":{"sophisticatedbackpacks:iron_backpack":1,"minecraft:iron_sword":1,"minecraft:moss_block":3,"minecraft:diamond_axe":2,"minecraft:ender_pearl":1,"minecraft:leather_helmet":1,"minecraft:emerald":22,"sophisticatedbackpacks:gold_backpack":1,"regions_unexplored:elephant_ear":1,"minecraft:wooden_sword":2,"regions_unexplored:prismarite_cluster":1,"minecraft:white_wool":2,"minecraft:gold_ingot":18,"minecraft:bone":6,"quark:black_shard":4,"minecraft:cobbled_deepslate":8,"wardrobe:silk":43,"minecraft:oak_planks":19,"minecraft:chiseled_stone_bricks":3,"minecraft:gunpowder":4,"minecraft:melon_seeds":2,"minecraft:leather_boots":1,"minecraft:ladder":1,"minecraft:written_book":2,"kobolds:kobold_skull":1,"minecraft:enchanted_book":2,"minecraft:bread":65,"minecraft:iron_ingot":27,"minecraft:wheat_seeds":2,"minecraft:diamond_leggings":2,"rats:archeologist_hat":4,"minecraft:feather":2,"minecraft:iron_helmet":2,"minecraft:book":1,"pamhc2foodcore:pumpkinbreaditem":8,"minecraft:golden_apple":5,"minecraft:stick":1,"skilltree:gem":1,"minecraft:iron_leggings":1,"minecraft:iron_axe":1,"minecraft:string":1,"supplementaries:sack":1,"farmersdelight:cabbage_seeds":45,"sophisticatedbackpacks:backpack":2,"minecraft:nether_bricks":2,"kobolds:kobold_iron_pickaxe":1,"minecraft:filled_map":2,"minecraft:diamond_sword":1,"minecraft:cobblestone_slab":1,"minecraft:shield":1,"minecraft:diamond_chestplate":1,"minecraft:bundle":1,"minecraft:diamond_pickaxe":1,"minecraft:iron_chestplate":2,"minecraft:stone_bricks":2,"minecraft:spider_eye":1,"valhelsia_structures:brown_sleeping_bag":1}},"DataVersion":3465}