{"stats":{"minecraft:killed":{"minecraft:sheep":1,"minecraft:pillager":1,"minecraft:witch":1,"born_in_chaos_v1:door_knight_not_despawn":1,"minecraft:spider":1,"born_in_chaos_v1:decrepit_skeleton":1,"born_in_chaos_v1:maggot":2},"minecraft:custom":{"minecraft:time_since_rest":34171,"lootr:looted_stat":12,"minecraft:sprint_one_cm":55614,"minecraft:damage_taken":1177,"minecraft:walk_one_cm":144057,"minecraft:damage_blocked_by_shield":900,"minecraft:mob_kills":8,"minecraft:drop":25,"minecraft:damage_dealt":2282,"minecraft:fly_one_cm":49057,"minecraft:open_barrel":5,"minecraft:crouch_one_cm":4103,"minecraft:play_time":39568,"minecraft:deaths":1,"minecraft:sneak_time":1609,"minecraft:walk_under_water_one_cm":1810,"minecraft:jump":449,"minecraft:damage_dealt_resisted":833,"minecraft:walk_on_water_one_cm":388,"minecraft:time_since_death":34134,"minecraft:total_world_time":39568,"minecraft:climb_one_cm":836,"minecraft:fall_one_cm":25232},"minecraft:mined":{"valhelsia_structures:brown_sleeping_bag":1,"minecraft:hay_block":2,"minecraft:black_stained_glass":2,"valhelsia_structures:light_gray_sleeping_bag":1,"realmrpg_skeletons:webbed_skeleton":1,"minecraft:iron_ore":50,"minecraft:sculk_vein":1,"minecraft:coal_ore":84,"minecraft:lantern":4,"realmrpg_skeletons:arrow_skeleton":1,"gnumus:fragile_gnumus_jug":1,"minecraft:stone":23,"sophisticatedbackpacks:backpack":1,"minecraft:spawner":1},"minecraft:used":{"sophisticatedbackpacks:backpack":1,"pamhc2foodcore:pumpkinbreaditem":10,"minecraft:lantern":1,"minecraft:iron_pickaxe":166,"minecraft:iron_helmet":1,"minecraft:shield":5,"minecraft:iron_sword":58,"minecraft:iron_boots":2,"minecraft:leather_boots":1,"minecraft:iron_chestplate":1,"minecraft:wooden_sword":11,"minecraft:iron_leggings":1},"minecraft:dropped":{"minecraft:gunpowder":4,"minecraft:leather_boots":1,"farmersdelight:cabbage_seeds":45,"minecraft:iron_helmet":1,"minecraft:iron_leggings":1,"minecraft:wooden_sword":2,"sophisticatedbackpacks:backpack":1,"valhelsia_structures:brown_sleeping_bag":1},"minecraft:picked_up":{"born_in_chaos_v1:corpse_maggot":2,"minecraft:raw_iron":50,"minecraft:sweet_berries":2,"minecraft:leather":2,"sophisticatedbackpacks:backpack":2,"valhelsia_structures:brown_sleeping_bag":1,"minecraft:gunpowder":4,"minecraft:string":2,"minecraft:spider_eye":1,"skilltree:gem":20,"farmersdelight:tomato":11,"minecraft:lantern":4,"minecraft:wooden_sword":1,"minecraft:rotten_flesh":5,"minecraft:arrow":3,"minecraft:bone":2,"butchersdelight:deadsheep":1,"butchersdelight:dead_cow":5,"minecraft:diamond":2,"farmersdelight:onion":22,"minecraft:bucket":1,"farmersdelight:cabbage":8,"minecraft:hay_block":2,"gnumus:gnumus_chickpeas":3,"quark:black_shard":4,"minecraft:moss_block":2,"valhelsia_structures:light_gray_sleeping_bag":1,"farmersdelight:cabbage_seeds":45,"minecraft:coal":83,"minecraft:white_wool":1,"minecraft:cobblestone":23}},"DataVersion":3465}