{"stats":{"minecraft:dropped":{"minecraft:wooden_sword":1},"minecraft:picked_up":{"minecraft:wooden_sword":1,"minecraft:bone":1,"born_in_chaos_v1:spiritual_dust":3,"born_in_chaos_v1:seedof_chaos":1},"minecraft:killed":{"born_in_chaos_v1:bonescaller":1,"born_in_chaos_v1:corpse_fly":1,"born_in_chaos_v1:baby_skeleton_minion":1},"minecraft:custom":{"minecraft:time_since_rest":1272,"minecraft:play_time":6153,"minecraft:walk_one_cm":14295,"minecraft:damage_taken":618,"minecraft:deaths":2,"minecraft:damage_blocked_by_shield":465,"minecraft:sneak_time":26,"minecraft:walk_under_water_one_cm":4569,"minecraft:mob_kills":3,"minecraft:drop":1,"minecraft:damage_dealt_resisted":64,"minecraft:jump":36,"minecraft:damage_dealt":277,"minecraft:walk_on_water_one_cm":3110,"minecraft:time_since_death":1242,"minecraft:total_world_time":6153,"minecraft:swim_one_cm":245,"minecraft:fall_one_cm":2057,"minecraft:fly_one_cm":726},"minecraft:used":{"minecraft:wooden_sword":10,"minecraft:shield":2}},"DataVersion":3465}