{"stats":{"minecraft:dropped":{"minecraft:iron_sword":1,"minecraft:moss_block":2,"minecraft:diamond_axe":1,"minecraft:cobbled_deepslate":8,"farmersdelight:cabbage_seeds":45,"minecraft:iron_helmet":1,"minecraft:oak_planks":19,"sophisticatedbackpacks:backpack":1,"minecraft:gunpowder":4,"minecraft:melon_seeds":2,"skilltree:gem":1,"minecraft:leather_boots":1,"minecraft:iron_leggings":1,"minecraft:wooden_sword":2,"minecraft:iron_axe":1,"valhelsia_structures:brown_sleeping_bag":1,"minecraft:gold_ingot":8,"minecraft:white_wool":2,"quark:black_shard":4,"minecraft:bone":2},"minecraft:picked_up":{"sophisticatedbackpacks:gold_backpack":1,"born_in_chaos_v1:corpse_maggot":2,"minecraft:crafting_table":1,"minecraft:leather":2,"minecraft:smithing_table":1,"minecraft:gold_block":6,"valhelsia_structures:brown_sleeping_bag":1,"minecraft:gunpowder":4,"minecraft:iron_axe":1,"skilltree:gem":22,"farmersdelight:tomato":11,"minecraft:string":2,"minecraft:lantern":8,"minecraft:cooked_salmon":3,"minecraft:wooden_sword":1,"minecraft:bone":13,"butchersdelight:dead_cow":5,"graveyard:corruption":2,"minecraft:bow":1,"minecraft:cobbled_deepslate":30,"minecraft:bucket":1,"farmersdelight:cabbage":8,"minecraft:cooked_chicken":2,"minecraft:iron_nugget":6,"quark:black_shard":4,"minecraft:iron_sword":1,"minecraft:oak_planks":19,"minecraft:moss_block":4,"valhelsia_structures:light_gray_sleeping_bag":2,"rats:archeologist_hat":1,"farmersdelight:cabbage_seeds":45,"minecraft:furnace":2,"minecraft:raw_iron":50,"minecraft:emerald_block":1,"minecraft:sweet_berries":2,"minecraft:chiseled_stone_bricks":3,"sophisticatedbackpacks:backpack":2,"sophisticatedbackpacks:iron_backpack":1,"graveyard:dark_iron_bars":1,"minecraft:spider_eye":1,"minecraft:arrow":14,"butchersdelight:deadsheep":1,"minecraft:rotten_flesh":5,"minecraft:diamond":4,"farmersdelight:onion":22,"minecraft:hay_block":2,"gnumus:gnumus_chickpeas":3,"minecraft:damaged_anvil":1,"minecraft:baked_potato":6,"minecraft:melon_seeds":2,"minecraft:coal":140,"minecraft:white_wool":2,"minecraft:cobblestone":23},"minecraft:killed":{"minecraft:witch":1,"born_in_chaos_v1:door_knight_not_despawn":1,"minecraft:spider":1,"graveyard:wraith":2,"born_in_chaos_v1:decrepit_skeleton":1,"born_in_chaos_v1:maggot":6,"minecraft:sheep":1,"minecraft:skeleton":6,"minecraft:pillager":1,"minecraft:zombie":8,"minecraft:silverfish":1,"graveyard:corrupted_pillager":2},"minecraft:crafted":{"minecraft:emerald":9,"minecraft:crafting_table":2,"minecraft:smithing_table":1,"minecraft:furnace":2,"sophisticatedbackpacks:gold_backpack":1,"minecraft:air":0,"minecraft:iron_ingot":50,"minecraft:gold_ingot":54,"sophisticatedbackpacks:iron_backpack":1},"minecraft:mined":{"minecraft:smithing_table":1,"valhelsia_structures:light_gray_sleeping_bag":2,"sophisticatedbackpacks:gold_backpack":1,"tetra:block_geode":2,"minecraft:sculk_vein":2,"minecraft:crafting_table":1,"sophisticatedbackpacks:iron_backpack":1,"regions_unexplored:volcanic_ash":5,"minecraft:sculk_sensor":1,"graveyard:dark_iron_door":1,"minecraft:damaged_anvil":1,"minecraft:sculk":6,"minecraft:chiseled_stone_bricks":2,"minecraft:spawner":4,"valhelsia_structures:brown_sleeping_bag":1,"minecraft:hay_block":2,"minecraft:black_stained_glass":2,"minecraft:sculk_catalyst":1,"minecraft:furnace":2,"betterarcheology:loot_vase_creeper":1,"realmrpg_skeletons:webbed_skeleton":1,"minecraft:iron_ore":50,"minecraft:gold_block":4,"graveyard:dark_iron_bars":1,"minecraft:coal_ore":84,"amendments:wall_lantern":2,"minecraft:lantern":6,"minecraft:emerald_block":1,"realmrpg_skeletons:arrow_skeleton":1,"gnumus:fragile_gnumus_jug":1,"minecraft:tripwire_hook":2,"betterarcheology:loot_vase":4,"minecraft:stone":23,"sophisticatedbackpacks:backpack":1,"betterarcheology:villager_fossil_head":1,"minecraft:deepslate":23},"minecraft:custom":{"minecraft:interact_with_smithing_table":3,"minecraft:interact_with_furnace":25,"lootr:looted_stat":26,"minecraft:interact_with_anvil":2,"minecraft:mob_kills":32,"minecraft:interact_with_crafting_table":7,"minecraft:open_barrel":7,"minecraft:damage_dealt_resisted":833,"minecraft:time_since_death":74629,"minecraft:sleep_in_bed":1,"minecraft:climb_one_cm":6044,"minecraft:waystone_activated":1,"minecraft:time_since_rest":54196,"minecraft:sprint_one_cm":119744,"minecraft:damage_taken":5738,"minecraft:walk_one_cm":405983,"minecraft:damage_blocked_by_shield":3015,"minecraft:drop":45,"minecraft:damage_dealt":6371,"minecraft:talked_to_villager":24,"minecraft:fly_one_cm":107670,"minecraft:crouch_one_cm":5869,"minecraft:play_time":139782,"minecraft:deaths":8,"minecraft:sneak_time":4753,"minecraft:walk_under_water_one_cm":1810,"minecraft:jump":970,"minecraft:walk_on_water_one_cm":823,"minecraft:total_world_time":139782,"minecraft:fall_one_cm":49605},"minecraft:broken":{"minecraft:shield":1},"minecraft:used":{"sophisticatedbackpacks:iron_backpack":1,"minecraft:flint_and_steel":7,"minecraft:baked_potato":6,"minecraft:shield":39,"farmersdelight:cabbage":8,"minecraft:iron_sword":146,"minecraft:cooked_salmon":3,"valhelsia_structures:light_gray_sleeping_bag":1,"minecraft:leather_boots":1,"minecraft:cooked_chicken":2,"minecraft:iron_chestplate":1,"minecraft:crafting_table":2,"minecraft:obsidian":2,"pamhc2foodcore:pumpkinbreaditem":26,"sophisticatedbackpacks:backpack":1,"farmersdelight:tomato":11,"minecraft:apple":6,"minecraft:iron_axe":1,"minecraft:lantern":6,"minecraft:iron_pickaxe":228,"minecraft:iron_helmet":1,"minecraft:iron_boots":2,"minecraft:wooden_sword":11,"minecraft:sweet_berries":5,"minecraft:furnace":2,"minecraft:smithing_table":1,"minecraft:cobbled_deepslate":6,"minecraft:iron_leggings":1,"sophisticatedbackpacks:gold_backpack":1}},"DataVersion":3465}