{"stats":{"minecraft:killed":{"minecraft:pillager":1,"minecraft:witch":1},"minecraft:custom":{"minecraft:time_since_rest":10171,"lootr:looted_stat":1,"minecraft:sprint_one_cm":21134,"minecraft:damage_taken":411,"minecraft:walk_one_cm":58990,"minecraft:damage_blocked_by_shield":900,"minecraft:mob_kills":2,"minecraft:drop":7,"minecraft:damage_dealt":772,"minecraft:fly_one_cm":8408,"minecraft:open_barrel":2,"minecraft:crouch_one_cm":468,"minecraft:play_time":15568,"minecraft:deaths":1,"minecraft:sneak_time":596,"minecraft:jump":182,"minecraft:damage_dealt_resisted":28,"minecraft:time_since_death":10134,"minecraft:total_world_time":15568,"minecraft:climb_one_cm":836,"minecraft:fall_one_cm":1446},"minecraft:mined":{"valhelsia_structures:brown_sleeping_bag":1,"minecraft:black_stained_glass":2,"valhelsia_structures:light_gray_sleeping_bag":1,"minecraft:iron_ore":11,"minecraft:coal_ore":15,"minecraft:lantern":1,"minecraft:stone":9},"minecraft:used":{"pamhc2foodcore:pumpkinbreaditem":3,"minecraft:iron_pickaxe":36,"minecraft:iron_helmet":1,"minecraft:shield":5,"minecraft:iron_sword":10,"minecraft:iron_boots":2,"minecraft:leather_boots":1,"minecraft:iron_chestplate":1,"minecraft:wooden_sword":11,"minecraft:iron_leggings":1},"minecraft:dropped":{"minecraft:gunpowder":4,"minecraft:leather_boots":1,"minecraft:iron_helmet":1,"minecraft:iron_leggings":1,"minecraft:wooden_sword":2,"valhelsia_structures:brown_sleeping_bag":1},"minecraft:picked_up":{"minecraft:raw_iron":11,"valhelsia_structures:brown_sleeping_bag":1,"minecraft:gunpowder":4,"skilltree:gem":3,"minecraft:lantern":1,"minecraft:wooden_sword":1,"butchersdelight:dead_cow":2,"quark:black_shard":4,"valhelsia_structures:light_gray_sleeping_bag":1,"minecraft:coal":15,"minecraft:cobblestone":9}},"DataVersion":3465}