{"stats":{"minecraft:broken":{"minecraft:shield":1,"minecraft:iron_pickaxe":1},"minecraft:used":{"sophisticatedbackpacks:iron_backpack":1,"minecraft:flint_and_steel":8,"minecraft:shield":39,"farmersdelight:cabbage":8,"minecraft:iron_sword":186,"minecraft:cooked_salmon":3,"valhelsia_structures:light_gray_sleeping_bag":1,"minecraft:cooked_chicken":2,"minecraft:iron_chestplate":1,"minecraft:obsidian":2,"farmersdelight:tomato":11,"minecraft:lantern":14,"minecraft:iron_axe":1,"minecraft:iron_helmet":1,"minecraft:iron_boots":2,"minecraft:sweet_berries":5,"minecraft:furnace":2,"minecraft:cobbled_deepslate":6,"minecraft:iron_leggings":1,"sophisticatedbackpacks:gold_backpack":1,"minecraft:baked_potato":6,"minecraft:leather_boots":1,"minecraft:mossy_cobblestone":4,"minecraft:crafting_table":3,"pamhc2foodcore:pumpkinbreaditem":26,"sophisticatedbackpacks:backpack":1,"minecraft:diamond_pickaxe":50,"minecraft:apple":6,"minecraft:bread":10,"minecraft:iron_pickaxe":254,"minecraft:wooden_sword":11,"minecraft:cobblestone":15,"minecraft:smithing_table":1},"minecraft:custom":{"minecraft:interact_with_smithing_table":3,"lootr:looted_stat":34,"minecraft:interact_with_anvil":2,"minecraft:mob_kills":56,"minecraft:interact_with_crafting_table":10,"minecraft:open_barrel":7,"minecraft:damage_dealt_resisted":833,"minecraft:leave_game":1,"minecraft:time_since_death":96950,"minecraft:climb_one_cm":6064,"minecraft:sprint_one_cm":132294,"minecraft:walk_one_cm":472647,"minecraft:damage_blocked_by_shield":3015,"minecraft:drop":46,"minecraft:talked_to_villager":24,"minecraft:play_time":162103,"minecraft:deaths":8,"minecraft:sneak_time":4753,"minecraft:walk_under_water_one_cm":2248,"minecraft:jump":1176,"minecraft:walk_on_water_one_cm":4807,"minecraft:total_world_time":162103,"minecraft:interact_with_furnace":25,"minecraft:sleep_in_bed":1,"minecraft:time_since_rest":76517,"minecraft:waystone_activated":1,"minecraft:damage_taken":6640,"minecraft:damage_dealt":7916,"minecraft:swim_one_cm":15155,"minecraft:fly_one_cm":124801,"minecraft:open_chest":4,"minecraft:crouch_one_cm":5869,"minecraft:fall_one_cm":60097},"minecraft:crafted":{"minecraft:furnace":2,"sophisticatedbackpacks:iron_backpack":1,"minecraft:emerald":9,"minecraft:crafting_table":2,"minecraft:smithing_table":1,"sophisticatedbackpacks:gold_backpack":1,"minecraft:air":0,"minecraft:diamond_pickaxe":1,"minecraft:iron_ingot":50,"minecraft:gold_ingot":54},"minecraft:picked_up":{"sophisticatedbackpacks:gold_backpack":1,"minecraft:crafting_table":1,"minecraft:stone_slab":2,"minecraft:smithing_table":1,"minecraft:gold_block":6,"valhelsia_structures:brown_sleeping_bag":1,"minecraft:string":2,"minecraft:iron_axe":1,"minecraft:cooked_salmon":3,"minecraft:wooden_sword":1,"butchersdelight:dead_cow":5,"graveyard:corruption":2,"minecraft:cobbled_deepslate":30,"minecraft:bucket":1,"farmersdelight:cabbage":8,"minecraft:cobblestone_slab":1,"minecraft:iron_nugget":6,"quark:black_shard":4,"minecraft:coal_block":3,"valhelsia_structures:light_gray_sleeping_bag":2,"farmersdelight:cabbage_seeds":45,"minecraft:furnace":2,"minecraft:raw_iron":50,"sophisticatedbackpacks:backpack":2,"graveyard:dark_iron_bars":1,"minecraft:arrow":14,"butchersdelight:deadsheep":1,"minecraft:rotten_flesh":5,"farmersdelight:onion":22,"minecraft:hay_block":2,"gnumus:gnumus_chickpeas":3,"minecraft:white_wool":2,"minecraft:cobblestone":39,"born_in_chaos_v1:corpse_maggot":2,"minecraft:leather":2,"minecraft:smoker":4,"minecraft:gunpowder":4,"skilltree:gem":24,"farmersdelight:tomato":11,"minecraft:lantern":19,"minecraft:bone":13,"minecraft:stone_bricks":6,"minecraft:bow":1,"minecraft:cooked_chicken":2,"minecraft:mossy_stone_bricks":2,"minecraft:moss_block":5,"rats:archeologist_hat":1,"minecraft:iron_sword":1,"minecraft:oak_planks":19,"minecraft:emerald_block":1,"minecraft:sweet_berries":2,"minecraft:chiseled_stone_bricks":6,"sophisticatedbackpacks:iron_backpack":1,"minecraft:blast_furnace":1,"minecraft:spider_eye":1,"minecraft:mossy_cobblestone":4,"minecraft:diamond":4,"wardrobe:silk":43,"minecraft:bread":1,"minecraft:baked_potato":6,"minecraft:damaged_anvil":1,"minecraft:melon_seeds":2,"minecraft:coal":144},"minecraft:killed":{"minecraft:witch":1,"born_in_chaos_v1:door_knight_not_despawn":1,"minecraft:spider":1,"graveyard:wraith":2,"born_in_chaos_v1:maggot":6,"minecraft:skeleton":6,"minecraft:silverfish":25,"born_in_chaos_v1:decrepit_skeleton":1,"minecraft:sheep":1,"minecraft:pillager":1,"minecraft:zombie":8,"graveyard:corrupted_pillager":2},"minecraft:mined":{"valhelsia_structures:light_gray_sleeping_bag":2,"minecraft:mossy_cobblestone":4,"tetra:block_geode":2,"minecraft:sculk_vein":2,"sophisticatedbackpacks:gold_backpack":1,"sophisticatedbackpacks:iron_backpack":1,"minecraft:infested_cobblestone":2,"graveyard:dark_iron_door":1,"minecraft:coal_block":3,"regions_unexplored:elephant_ear":1,"minecraft:mud_bricks":1,"minecraft:moss_block":1,"minecraft:chiseled_stone_bricks":4,"minecraft:spawner":4,"valhelsia_structures:brown_sleeping_bag":1,"minecraft:hay_block":2,"minecraft:sculk_catalyst":1,"minecraft:furnace":2,"minecraft:iron_ore":50,"minecraft:gold_block":4,"minecraft:cobblestone_slab":1,"amendments:wall_lantern":5,"minecraft:lantern":14,"gnumus:fragile_gnumus_jug":1,"realmrpg_skeletons:arrow_skeleton":1,"betterarcheology:loot_vase":4,"minecraft:stone":23,"sophisticatedbackpacks:backpack":1,"minecraft:smithing_table":1,"minecraft:smoker":4,"minecraft:crafting_table":1,"minecraft:blast_furnace":1,"regions_unexplored:volcanic_ash":5,"minecraft:sculk_sensor":1,"minecraft:stone_slab":1,"minecraft:tall_grass":1,"minecraft:cobblestone":14,"minecraft:damaged_anvil":1,"minecraft:sculk":6,"minecraft:black_stained_glass":2,"realmrpg_skeletons:webbed_skeleton":1,"betterarcheology:loot_vase_creeper":1,"minecraft:stone_brick_stairs":1,"minecraft:infested_mossy_stone_bricks":4,"graveyard:dark_iron_bars":1,"minecraft:coal_ore":89,"minecraft:infested_cracked_stone_bricks":5,"minecraft:tripwire_hook":2,"minecraft:stone_bricks":6,"minecraft:mossy_stone_bricks":2,"betterarcheology:villager_fossil_head":1,"minecraft:deepslate":23,"minecraft:emerald_block":1},"minecraft:dropped":{"minecraft:bread":1,"minecraft:iron_sword":1,"minecraft:moss_block":2,"minecraft:diamond_axe":1,"minecraft:iron_helmet":1,"skilltree:gem":1,"minecraft:iron_leggings":1,"minecraft:wooden_sword":2,"minecraft:iron_axe":1,"minecraft:white_wool":2,"quark:black_shard":4,"minecraft:gold_ingot":8,"minecraft:bone":2,"minecraft:cobbled_deepslate":8,"farmersdelight:cabbage_seeds":45,"minecraft:oak_planks":19,"sophisticatedbackpacks:backpack":1,"minecraft:gunpowder":4,"minecraft:melon_seeds":2,"minecraft:leather_boots":1,"valhelsia_structures:brown_sleeping_bag":1}},"DataVersion":3465}