{"stats":{"minecraft:broken":{"minecraft:leather_helmet":1,"minecraft:stone_sword":2,"minecraft:leather_leggings":1,"minecraft:wooden_pickaxe":1,"minecraft:stone_pickaxe":1,"minecraft:shield":1},"minecraft:killed":{"minecraft:cave_spider":1,"bewitched_brewery:lost_miner":1,"minecraft:spider":5,"player_companions:snail":1,"born_in_chaos_v1:baby_skeleton_minion":1,"born_in_chaos_v1:maggot":28,"minecraft:skeleton":9,"born_in_chaos_v1:firelight_not_despawn":3,"gnumus:gnumus_hunter_not_dispawn":1,"born_in_chaos_v1:bonescaller":1,"born_in_chaos_v1:diamond_termite":5,"minecraft:sheep":10,"minecraft:pillager":6,"minecraft:zombie":51,"born_in_chaos_v1:corpse_fly":1,"minecraft:stray":1,"alexsmobs:fly":1},"minecraft:picked_up":{"minecraft:wooden_axe":1,"minecraft:crafting_table":3,"born_in_chaos_v1:diamond_termite_shard":4,"minecraft:chainmail_boots":1,"born_in_chaos_v1:seedof_chaos":1,"minecraft:leather_leggings":1,"minecraft:smithing_table":1,"minecraft:diamond_sword":2,"minecraft:wooden_pickaxe":1,"minecraft:string":6,"minecraft:wooden_sword":6,"butchersdelightfoods:cookedporkribs":1,"butchersdelightfoods:sheeploin":1,"minecraft:cracked_stone_bricks":1,"minecraft:wooden_shovel":1,"minecraft:iron_pickaxe":1,"minecraft:melon_slice":47,"butchersdelightfoods:porkribs":1,"butchersdelightfoods:cooked_sheeploin":1,"minecraft:spruce_pressure_plate":6,"minecraft:raw_iron":20,"minecraft:acacia_log":15,"minecraft:porkchop":1,"minecraft:cake":1,"valhelsia_structures:white_sleeping_bag":1,"minecraft:stone_sword":2,"minecraft:arrow":6,"butchersdelight:deadsheep":12,"minecraft:rotten_flesh":24,"minecraft:pumpkin_pie":4,"butchersdelightfoods:ham":3,"alexscaves:spelunkery_table":1,"butchersdelightfoods:sheeprack":1,"minecraft:mutton":3,"minecraft:white_wool":6,"minecraft:cobblestone":84,"born_in_chaos_v1:spiritual_dust":3,"minecraft:andesite":19,"minecraft:potato":2,"butchersdelight:deadpig":7,"minecraft:oak_log":8,"butchersdelightfoods:cookedporkloin":1,"skilltree:gem":4,"minecraft:lantern":4,"minecraft:leather_boots":1,"minecraft:cooked_mutton":3,"minecraft:bone":4,"butchersdelightfoods:cookedsheeprack":1,"minecraft:wheat_seeds":4,"minecraft:iron_ingot":1,"minecraft:stone_pickaxe":2,"butchersdelightfoods:cookedsheepshank":3,"minecraft:oak_planks":1,"minecraft:cooked_porkchop":1,"butchersdelightfoods:porkloin":1,"minecraft:leather_helmet":2,"minecraft:polished_andesite":5,"butchersdelight:sheephide":8,"born_in_chaos_v1:fire_dust":3,"minecraft:diamond":1,"minecraft:gray_wool":2,"minecraft:oak_sapling":2,"butchersdelightfoods:sheepshank":3,"minecraft:damaged_anvil":1,"minecraft:coal":17},"minecraft:crafted":{"minecraft:oak_planks":32,"minecraft:furnace":1,"quark:acacia_chest":2,"minecraft:iron_boots":1,"minecraft:stone_pickaxe":1,"valhelsia_structures:white_sleeping_bag":2,"sophisticatedbackpacks:backpack":2,"minecraft:crafting_table":6,"minecraft:wooden_pickaxe":1,"minecraft:iron_helmet":1,"minecraft:stone_axe":1,"minecraft:air":0,"minecraft:iron_chestplate":1,"minecraft:shield":1,"minecraft:stick":16,"minecraft:wooden_axe":1,"minecraft:iron_ingot":13,"aquaculture:stone_fillet_knife":1,"minecraft:stone_sword":5,"minecraft:iron_leggings":1,"minecraft:acacia_planks":60,"minecraft:torch":16},"minecraft:used":{"valhelsia_structures:white_sleeping_bag":1,"minecraft:stone_sword":305,"butchersdelightfoods:cookedporkloin":1,"minecraft:shield":49,"minecraft:torch":27,"minecraft:wooden_axe":24,"minecraft:furnace":1,"butchersdelightfoods:cookedporkribs":1,"minecraft:cooked_mutton":3,"minecraft:stone_pickaxe":139,"minecraft:oak_planks":3,"minecraft:wooden_pickaxe":59,"butchersdelightfoods:cookedsheepshank":3,"minecraft:cracked_stone_bricks":1,"minecraft:crafting_table":8,"minecraft:apple":5,"minecraft:bread":9,"minecraft:melon_slice":47,"minecraft:map":1,"minecraft:iron_pickaxe":11,"minecraft:stone_axe":21,"minecraft:diamond_sword":200,"butchersdelightfoods:cookedsheeprack":1,"minecraft:wooden_sword":56,"minecraft:cobblestone":58,"minecraft:cooked_porkchop":1,"minecraft:andesite":1,"aquaculture:stone_fillet_knife":1,"minecraft:cooked_rabbit":2,"alexsmobs:animal_dictionary":1},"minecraft:dropped":{"minecraft:wheat_seeds":4,"valhelsia_structures:white_sleeping_bag":1,"minecraft:lantern":2,"minecraft:leather_helmet":1,"minecraft:stick":1,"minecraft:gray_wool":2,"minecraft:wooden_axe":2,"minecraft:iron_leggings":1,"minecraft:wooden_sword":7,"butchersdelight:deadpig":1,"born_in_chaos_v1:fire_dust":3,"minecraft:stone_sword":5,"minecraft:bowl":2,"minecraft:raw_iron":1,"minecraft:rotten_flesh":24,"minecraft:oak_planks":1,"sophisticatedbackpacks:backpack":1,"born_in_chaos_v1:spiritual_dust":3,"minecraft:filled_map":1,"minecraft:diamond_sword":1,"minecraft:leather_chestplate":1,"minecraft:potato":6,"born_in_chaos_v1:seedof_chaos":1,"minecraft:andesite":48,"minecraft:leather_boots":2,"minecraft:wooden_shovel":1,"minecraft:chainmail_boots":1,"minecraft:oak_sapling":1,"minecraft:stone_pickaxe":2,"minecraft:wooden_pickaxe":1},"minecraft:custom":{"minecraft:interact_with_smithing_table":1,"lootr:looted_stat":41,"minecraft:mob_kills":128,"minecraft:interact_with_crafting_table":25,"minecraft:open_barrel":16,"minecraft:interact_with_campfire":11,"minecraft:damage_dealt_resisted":64,"minecraft:eat_cake_slice":1,"minecraft:leave_game":3,"minecraft:time_since_death":12323,"minecraft:climb_one_cm":13337,"minecraft:sprint_one_cm":224210,"minecraft:walk_one_cm":535114,"minecraft:damage_blocked_by_shield":3990,"minecraft:drop":50,"minecraft:talked_to_villager":2,"minecraft:play_time":204963,"minecraft:deaths":19,"minecraft:sneak_time":841,"minecraft:walk_under_water_one_cm":14446,"minecraft:jump":1331,"minecraft:walk_on_water_one_cm":27880,"minecraft:total_world_time":204963,"minecraft:interact_with_furnace":8,"minecraft:interact_with_loom":5,"minecraft:sleep_in_bed":2,"minecraft:time_since_rest":12374,"minecraft:waystone_activated":2,"minecraft:damage_taken":8056,"minecraft:damage_dealt":19386,"minecraft:swim_one_cm":1625,"minecraft:fly_one_cm":123527,"minecraft:player_kills":2,"minecraft:crouch_one_cm":872,"minecraft:fall_one_cm":31698},"minecraft:mined":{"alexscaves:spelunkery_table":1,"minecraft:tuff":4,"valhelsia_structures:white_sleeping_bag":1,"minecraft:mossy_cobblestone":1,"minecraft:deepslate_diamond_ore":1,"born_in_chaos_v1:infected_diamond_ore":2,"minecraft:acacia_log":15,"regions_unexplored:elephant_ear":1,"valhelsia_structures:big_red_glazed_jar":1,"biomesoplenty:dead_grass":1,"butchersdelight:deadpigblock":2,"minecraft:spawner":3,"minecraft:iron_ore":15,"realmrpg_skeletons:cactus_skeleton":1,"minecraft:andesite":17,"minecraft:iron_bars":2,"minecraft:lantern":2,"valhelsia_structures:big_glazed_jar_top":1,"minecraft:stripped_oak_log":2,"minecraft:stone":93,"regions_unexplored:windswept_grass":1,"minecraft:spruce_slab":1,"valhelsia_structures:big_glazed_jar":1,"minecraft:smithing_table":1,"valhelsia_structures:unlit_lantern":1,"minecraft:crafting_table":3,"realmrpg_skeletons:basic_skeleton":1,"minecraft:melon":9,"minecraft:polished_andesite_stairs":9,"supplementaries:sack":1,"minecraft:cobblestone":9,"minecraft:copper_ore":1,"valhelsia_structures:cyan_glazed_jar":1,"minecraft:damaged_anvil":1,"supplementaries:urn":2,"realmrpg_skeletons:bow_skeleton":1,"graveyard:oak_coffin":1,"minecraft:grass":15,"valhelsia_structures:cracked_glazed_jar":2,"minecraft:oak_log":11,"minecraft:coal_ore":16,"minecraft:cracked_stone_bricks":4,"minecraft:stone_bricks":3,"minecraft:polished_andesite":10,"quark:violet_corundum_cluster":1,"minecraft:mossy_stone_bricks":1,"pots_and_mimics:treasure_pot":6,"minecraft:deepslate":4,"minecraft:fern":6}},"DataVersion":3465}