{"stats":{"minecraft:killed":{"minecraft:witch":1,"born_in_chaos_v1:door_knight_not_despawn":1,"minecraft:spider":1,"born_in_chaos_v1:decrepit_skeleton":1,"born_in_chaos_v1:maggot":2,"minecraft:sheep":1,"minecraft:pillager":1},"minecraft:custom":{"lootr:looted_stat":12,"minecraft:mob_kills":8,"minecraft:open_barrel":5,"minecraft:damage_dealt_resisted":833,"minecraft:time_since_death":4734,"minecraft:climb_one_cm":2278,"minecraft:time_since_rest":4817,"minecraft:sprint_one_cm":68689,"minecraft:damage_taken":2452,"minecraft:walk_one_cm":205343,"minecraft:damage_blocked_by_shield":900,"minecraft:drop":27,"minecraft:damage_dealt":2282,"minecraft:fly_one_cm":65436,"minecraft:crouch_one_cm":4103,"minecraft:play_time":51568,"minecraft:deaths":2,"minecraft:sneak_time":1609,"minecraft:walk_under_water_one_cm":1810,"minecraft:jump":592,"minecraft:walk_on_water_one_cm":388,"minecraft:total_world_time":51568,"minecraft:fall_one_cm":34155},"minecraft:mined":{"valhelsia_structures:light_gray_sleeping_bag":1,"minecraft:sculk_vein":2,"minecraft:sculk_sensor":1,"minecraft:sculk":6,"minecraft:spawner":1,"valhelsia_structures:brown_sleeping_bag":1,"minecraft:hay_block":2,"minecraft:black_stained_glass":2,"minecraft:sculk_catalyst":1,"realmrpg_skeletons:webbed_skeleton":1,"minecraft:iron_ore":50,"minecraft:coal_ore":84,"amendments:wall_lantern":1,"minecraft:lantern":6,"gnumus:fragile_gnumus_jug":1,"realmrpg_skeletons:arrow_skeleton":1,"minecraft:stone":23,"sophisticatedbackpacks:backpack":1,"minecraft:deepslate":3},"minecraft:used":{"minecraft:shield":5,"minecraft:iron_sword":58,"minecraft:leather_boots":1,"minecraft:iron_chestplate":1,"pamhc2foodcore:pumpkinbreaditem":19,"sophisticatedbackpacks:backpack":1,"minecraft:lantern":5,"minecraft:iron_pickaxe":181,"minecraft:iron_helmet":1,"minecraft:iron_boots":2,"minecraft:wooden_sword":11,"minecraft:iron_leggings":1},"minecraft:dropped":{"farmersdelight:cabbage_seeds":45,"minecraft:iron_helmet":1,"sophisticatedbackpacks:backpack":1,"minecraft:gunpowder":4,"minecraft:leather_boots":1,"minecraft:iron_leggings":1,"minecraft:wooden_sword":2,"valhelsia_structures:brown_sleeping_bag":1,"minecraft:white_wool":2},"minecraft:picked_up":{"born_in_chaos_v1:corpse_maggot":2,"minecraft:leather":2,"valhelsia_structures:brown_sleeping_bag":1,"minecraft:gunpowder":4,"skilltree:gem":20,"farmersdelight:tomato":11,"minecraft:string":2,"minecraft:lantern":7,"minecraft:wooden_sword":1,"minecraft:bone":2,"butchersdelight:dead_cow":5,"minecraft:cobbled_deepslate":2,"farmersdelight:cabbage":8,"minecraft:bucket":1,"quark:black_shard":4,"minecraft:moss_block":2,"valhelsia_structures:light_gray_sleeping_bag":1,"farmersdelight:cabbage_seeds":45,"minecraft:raw_iron":50,"minecraft:sweet_berries":2,"sophisticatedbackpacks:backpack":2,"minecraft:spider_eye":1,"minecraft:arrow":3,"butchersdelight:deadsheep":1,"minecraft:rotten_flesh":5,"minecraft:diamond":2,"farmersdelight:onion":22,"minecraft:hay_block":2,"gnumus:gnumus_chickpeas":3,"minecraft:coal":83,"minecraft:white_wool":2,"minecraft:cobblestone":23}},"DataVersion":3465}