{"stats":{"minecraft:broken":{"minecraft:iron_boots":1,"minecraft:iron_chestplate":1,"minecraft:iron_leggings":1,"minecraft:shield":1,"minecraft:iron_pickaxe":1},"minecraft:used":{"minecraft:beetroot":5,"sophisticatedbackpacks:iron_backpack":1,"minecraft:flint_and_steel":8,"minecraft:shield":62,"farmersdelight:cabbage":8,"minecraft:iron_sword":440,"minecraft:cooked_salmon":3,"valhelsia_structures:light_gray_sleeping_bag":1,"minecraft:cooked_chicken":2,"minecraft:iron_chestplate":2,"minecraft:torch":17,"minecraft:dirt":1,"minecraft:obsidian":2,"farmersdelight:tomato":11,"minecraft:lantern":26,"minecraft:iron_axe":7,"minecraft:iron_helmet":1,"minecraft:iron_boots":2,"minecraft:written_book":2,"minecraft:bow":5,"minecraft:sweet_berries":5,"minecraft:furnace":2,"minecraft:cobbled_deepslate":16,"minecraft:iron_leggings":1,"sophisticatedbackpacks:gold_backpack":1,"minecraft:damaged_anvil":2,"minecraft:cobblestone_stairs":2,"minecraft:bundle":1,"minecraft:baked_potato":18,"minecraft:sandstone":2,"minecraft:cut_sandstone":2,"kobolds:kobold_iron_pickaxe":72,"minecraft:leather_boots":1,"minecraft:mossy_cobblestone":4,"farmersdelight:onion":29,"minecraft:crafting_table":5,"alexscaves:cave_book":1,"minecraft:blast_furnace":1,"pamhc2foodcore:pumpkinbreaditem":39,"sophisticatedbackpacks:backpack":1,"minecraft:diamond_pickaxe":170,"minecraft:apple":38,"minecraft:bread":29,"minecraft:map":1,"minecraft:iron_pickaxe":254,"minecraft:wooden_sword":11,"minecraft:cobblestone":16,"minecraft:smithing_table":1,"minecraft:pumpkin_pie":1},"minecraft:custom":{"minecraft:interact_with_smithing_table":3,"lootr:looted_stat":92,"minecraft:interact_with_anvil":14,"minecraft:mob_kills":116,"minecraft:interact_with_crafting_table":20,"minecraft:open_barrel":9,"minecraft:damage_dealt_resisted":867,"minecraft:leave_game":2,"minecraft:time_since_death":4691,"minecraft:climb_one_cm":13260,"minecraft:sprint_one_cm":371580,"minecraft:walk_one_cm":884551,"minecraft:damage_blocked_by_shield":4740,"minecraft:drop":94,"minecraft:talked_to_villager":25,"minecraft:play_time":287899,"minecraft:sneak_time":4938,"minecraft:deaths":15,"minecraft:walk_under_water_one_cm":2248,"minecraft:jump":2513,"minecraft:interact_with_blast_furnace":6,"minecraft:walk_on_water_one_cm":6519,"minecraft:total_world_time":287899,"minecraft:interact_with_furnace":29,"minecraft:interact_with_cartography_table":1,"minecraft:interact_with_loom":1,"minecraft:interact_with_grindstone":1,"minecraft:sleep_in_bed":1,"minecraft:time_since_rest":4733,"minecraft:waystone_activated":1,"minecraft:damage_taken":14474,"minecraft:damage_dealt":18152,"minecraft:fly_one_cm":453114,"minecraft:swim_one_cm":15155,"minecraft:open_chest":13,"minecraft:crouch_one_cm":5981,"minecraft:fall_one_cm":106991},"minecraft:crafted":{"minecraft:furnace":2,"minecraft:iron_boots":1,"sophisticatedbackpacks:iron_backpack":2,"minecraft:emerald":9,"minecraft:crafting_table":2,"minecraft:smithing_table":1,"sophisticatedbackpacks:gold_backpack":2,"minecraft:air":0,"minecraft:iron_chestplate":1,"minecraft:diamond_pickaxe":1,"minecraft:iron_ingot":80,"minecraft:iron_leggings":1,"minecraft:gold_ingot":54},"minecraft:picked_up":{"sophisticatedbackpacks:gold_backpack":1,"minecraft:crafting_table":3,"kobolds:kobold_skull":1,"minecraft:anvil":2,"minecraft:splash_potion":1,"kobolds:kobold_iron_pickaxe":1,"minecraft:ladder":1,"minecraft:smithing_table":1,"minecraft:stone_slab":2,"minecraft:potion":1,"minecraft:gold_block":6,"minecraft:enchanted_book":3,"valhelsia_structures:brown_sleeping_bag":1,"minecraft:brewing_stand":3,"minecraft:raw_copper":3,"regions_unexplored:prismarite_cluster":1,"minecraft:string":2,"minecraft:iron_axe":1,"minecraft:cooked_salmon":3,"minecraft:wooden_sword":1,"butchersdelight:dead_cow":5,"graveyard:corruption":2,"minecraft:diamond_leggings":1,"minecraft:cobbled_deepslate":89,"minecraft:bucket":1,"farmersdelight:cabbage":8,"minecraft:written_book":1,"minecraft:cobblestone_slab":1,"minecraft:iron_nugget":6,"quark:black_shard":4,"minecraft:coal_block":3,"valhelsia_structures:light_gray_sleeping_bag":2,"farmersdelight:cabbage_seeds":45,"minecraft:furnace":2,"minecraft:raw_iron":75,"minecraft:sandstone":12,"mowziesmobs:sol_visage":1,"regions_unexplored:elephant_ear":1,"minecraft:torch":1,"sophisticatedbackpacks:backpack":2,"minecraft:sandstone_wall":2,"graveyard:dark_iron_bars":1,"minecraft:redstone":105,"minecraft:golden_chestplate":4,"minecraft:arrow":21,"butchersdelight:deadsheep":1,"minecraft:rotten_flesh":23,"minecraft:decorated_pot":1,"farmersdelight:onion":22,"minecraft:diamond_boots":1,"minecraft:hay_block":2,"alexscaves:spelunkery_table":1,"gnumus:gnumus_chickpeas":3,"sophisticatedbackpacks:copper_backpack":1,"minecraft:iron_bars":2,"minecraft:white_wool":2,"minecraft:cobblestone":39,"born_in_chaos_v1:corpse_maggot":4,"minecraft:leather_chestplate":1,"minecraft:mud_bricks":2,"minecraft:feather":15,"minecraft:iron_door":1,"minecraft:cut_sandstone":5,"minecraft:leather":2,"minecraft:smoker":4,"minecraft:packed_mud":6,"create:raw_zinc":1,"minecraft:golden_boots":1,"minecraft:gunpowder":4,"minecraft:cobblestone_stairs":2,"minecraft:dirt":1,"minecraft:lapis_lazuli":61,"skilltree:gem":27,"farmersdelight:tomato":11,"minecraft:lantern":26,"minecraft:bone":39,"mowziesmobs:umvuthana_mask_rage":2,"minecraft:apple":8,"minecraft:stone_bricks":7,"minecraft:bow":2,"minecraft:wheat_seeds":2,"minecraft:raw_gold":7,"minecraft:cooked_chicken":2,"minecraft:mossy_stone_bricks":2,"minecraft:moss_block":5,"rats:archeologist_hat":7,"minecraft:iron_sword":1,"minecraft:oak_planks":19,"irons_spellbooks:frozen_bone":5,"minecraft:emerald_block":1,"supplementaries:sack":2,"minecraft:sweet_berries":2,"minecraft:chiseled_stone_bricks":6,"minecraft:sand":2,"minecraft:amethyst_shard":4,"sophisticatedbackpacks:iron_backpack":1,"minecraft:blast_furnace":2,"minecraft:chiseled_sandstone":1,"minecraft:spider_eye":2,"minecraft:leather_helmet":1,"minecraft:mossy_cobblestone":4,"minecraft:bundle":1,"minecraft:blue_terracotta":2,"minecraft:diamond":7,"wardrobe:silk":43,"minecraft:chainmail_helmet":2,"minecraft:bread":1,"minecraft:iron_chestplate":3,"minecraft:baked_potato":6,"minecraft:damaged_anvil":3,"minecraft:melon_seeds":2,"minecraft:coal":190,"minecraft:sandstone_slab":1},"minecraft:killed":{"naturalist:rattlesnake":1,"minecraft:witch":1,"alexsmobs:tarantula_hawk":1,"mowziesmobs:umvuthi":1,"pots_and_mimics:pot_crab":3,"born_in_chaos_v1:door_knight_not_despawn":1,"minecraft:spider":2,"graveyard:wraith":2,"minecraft:zoglin":1,"born_in_chaos_v1:maggot":8,"minecraft:skeleton":8,"mowziesmobs:umvuthana_crane":6,"minecraft:silverfish":25,"mowziesmobs:umvuthana":8,"minecraft:husk":13,"alexsmobs:guster":1,"minecraft:zombie_villager":1,"kobolds:kobold_skeleton":2,"born_in_chaos_v1:decrepit_skeleton":1,"minecraft:sheep":1,"minecraft:pillager":1,"minecraft:zombie":12,"minecraft:stray":3,"pots_and_mimics:poison_pot_crab":1,"minecraft:wither_skeleton":5,"graveyard:corrupted_pillager":2},"minecraft:mined":{"alexscaves:spelunkery_table":1,"create:deepslate_zinc_ore":1,"valhelsia_structures:light_gray_sleeping_bag":2,"minecraft:mossy_cobblestone":4,"minecraft:cobblestone_stairs":2,"sophisticatedbackpacks:gold_backpack":1,"tetra:block_geode":2,"minecraft:sculk_vein":2,"minecraft:nether_bricks":1,"minecraft:acacia_log":1,"minecraft:brewing_stand":3,"born_in_chaos_v1:infected_diamond_ore":1,"minecraft:infested_cobblestone":2,"sophisticatedbackpacks:iron_backpack":1,"minecraft:decorated_pot":1,"graveyard:dark_iron_door":1,"minecraft:coal_block":3,"regions_unexplored:elephant_ear":1,"minecraft:mud_bricks":1,"minecraft:moss_block":1,"minecraft:sandstone":13,"minecraft:chiseled_stone_bricks":4,"minecraft:spawner":11,"valhelsia_structures:brown_sleeping_bag":1,"minecraft:hay_block":3,"minecraft:sculk_catalyst":1,"minecraft:furnace":2,"minecraft:iron_ore":50,"minecraft:chiseled_sandstone":1,"minecraft:anvil":2,"minecraft:deepslate_lapis_ore":9,"minecraft:gold_block":4,"minecraft:deepslate_iron_ore":23,"minecraft:cobblestone_slab":1,"amendments:wall_lantern":8,"minecraft:lantern":18,"valhelsia_structures:big_glazed_jar_top":2,"valhelsia_structures:light_blue_glazed_jar":2,"gnumus:fragile_gnumus_jug":1,"realmrpg_skeletons:arrow_skeleton":1,"betterarcheology:loot_vase":4,"minecraft:stone":23,"sophisticatedbackpacks:backpack":1,"valhelsia_structures:big_glazed_jar":2,"valhelsia_structures:purple_glazed_jar":2,"minecraft:podzol":1,"minecraft:smithing_table":1,"minecraft:sandstone_slab":1,"minecraft:deepslate_redstone_ore":23,"minecraft:cut_sandstone":5,"minecraft:smoker":4,"minecraft:crafting_table":3,"minecraft:blast_furnace":2,"regions_unexplored:volcanic_ash":5,"minecraft:sculk_sensor":1,"minecraft:stone_slab":1,"minecraft:tall_grass":1,"minecraft:cobblestone":14,"minecraft:deepslate_gold_ore":2,"minecraft:damaged_anvil":3,"minecraft:wall_torch":1,"minecraft:sculk":6,"minecraft:iron_door":1,"regions_unexplored:prismarite_cluster":1,"supplementaries:urn":4,"minecraft:black_stained_glass":2,"minecraft:blue_terracotta":3,"betterarcheology:loot_vase_creeper":1,"realmrpg_skeletons:webbed_skeleton":1,"valhelsia_structures:orange_glazed_jar":1,"minecraft:stone_brick_stairs":7,"minecraft:grass":1,"minecraft:infested_mossy_stone_bricks":4,"graveyard:dark_iron_bars":1,"minecraft:coal_ore":89,"minecraft:sand":2,"minecraft:infested_cracked_stone_bricks":5,"minecraft:sandstone_wall":2,"minecraft:tripwire_hook":2,"minecraft:stone_bricks":7,"minecraft:mossy_stone_bricks":2,"pots_and_mimics:treasure_pot":7,"betterarcheology:villager_fossil_head":1,"minecraft:deepslate":81,"minecraft:emerald_block":1,"quark:dark_oak_bookshelf":1},"minecraft:dropped":{"minecraft:enchanted_book":2,"minecraft:bread":65,"minecraft:iron_sword":1,"minecraft:wheat_seeds":2,"minecraft:moss_block":3,"minecraft:diamond_axe":2,"rats:archeologist_hat":4,"minecraft:ender_pearl":1,"minecraft:diamond_leggings":1,"minecraft:feather":2,"minecraft:iron_helmet":2,"minecraft:book":1,"minecraft:leather_helmet":1,"sophisticatedbackpacks:gold_backpack":1,"minecraft:emerald":22,"minecraft:golden_apple":5,"minecraft:stick":1,"regions_unexplored:elephant_ear":1,"skilltree:gem":1,"minecraft:iron_leggings":1,"minecraft:wooden_sword":2,"regions_unexplored:prismarite_cluster":1,"minecraft:iron_axe":1,"minecraft:white_wool":2,"quark:black_shard":4,"minecraft:gold_ingot":18,"minecraft:bone":6,"supplementaries:sack":1,"minecraft:cobbled_deepslate":8,"farmersdelight:cabbage_seeds":45,"wardrobe:silk":43,"minecraft:oak_planks":19,"sophisticatedbackpacks:backpack":2,"kobolds:kobold_iron_pickaxe":1,"minecraft:chiseled_stone_bricks":3,"minecraft:filled_map":2,"minecraft:diamond_sword":1,"minecraft:cobblestone_slab":1,"minecraft:gunpowder":4,"minecraft:diamond_chestplate":1,"minecraft:bundle":1,"minecraft:iron_chestplate":2,"minecraft:diamond_pickaxe":1,"minecraft:melon_seeds":2,"minecraft:leather_boots":1,"minecraft:ladder":1,"minecraft:spider_eye":1,"minecraft:stone_bricks":2,"valhelsia_structures:brown_sleeping_bag":1,"minecraft:written_book":2,"kobolds:kobold_skull":1,"minecraft:iron_ingot":27,"sophisticatedbackpacks:iron_backpack":1}},"DataVersion":3465}