{"stats":{"minecraft:killed":{"minecraft:sheep":1,"minecraft:pillager":1,"minecraft:witch":1},"minecraft:custom":{"minecraft:time_since_rest":22171,"lootr:looted_stat":4,"minecraft:sprint_one_cm":41846,"minecraft:damage_taken":487,"minecraft:walk_one_cm":93268,"minecraft:damage_blocked_by_shield":900,"minecraft:mob_kills":3,"minecraft:drop":25,"minecraft:damage_dealt":1154,"minecraft:fly_one_cm":26972,"minecraft:open_barrel":2,"minecraft:crouch_one_cm":814,"minecraft:play_time":27568,"minecraft:deaths":1,"minecraft:sneak_time":923,"minecraft:jump":319,"minecraft:damage_dealt_resisted":28,"minecraft:walk_on_water_one_cm":363,"minecraft:time_since_death":22134,"minecraft:total_world_time":27568,"minecraft:climb_one_cm":836,"minecraft:fall_one_cm":10091},"minecraft:mined":{"valhelsia_structures:brown_sleeping_bag":1,"minecraft:hay_block":2,"minecraft:black_stained_glass":2,"valhelsia_structures:light_gray_sleeping_bag":1,"minecraft:iron_ore":40,"minecraft:coal_ore":73,"minecraft:lantern":4,"realmrpg_skeletons:arrow_skeleton":1,"gnumus:fragile_gnumus_jug":1,"minecraft:stone":14,"sophisticatedbackpacks:backpack":1},"minecraft:used":{"sophisticatedbackpacks:backpack":1,"pamhc2foodcore:pumpkinbreaditem":3,"minecraft:iron_pickaxe":133,"minecraft:iron_helmet":1,"minecraft:shield":5,"minecraft:iron_sword":20,"minecraft:iron_boots":2,"minecraft:leather_boots":1,"minecraft:iron_chestplate":1,"minecraft:wooden_sword":11,"minecraft:iron_leggings":1},"minecraft:dropped":{"minecraft:gunpowder":4,"minecraft:leather_boots":1,"farmersdelight:cabbage_seeds":45,"minecraft:iron_helmet":1,"minecraft:iron_leggings":1,"minecraft:wooden_sword":2,"sophisticatedbackpacks:backpack":1,"valhelsia_structures:brown_sleeping_bag":1},"minecraft:picked_up":{"minecraft:raw_iron":40,"minecraft:sweet_berries":2,"minecraft:leather":2,"sophisticatedbackpacks:backpack":2,"valhelsia_structures:brown_sleeping_bag":1,"minecraft:gunpowder":4,"skilltree:gem":13,"farmersdelight:tomato":11,"minecraft:lantern":4,"minecraft:wooden_sword":1,"minecraft:arrow":3,"minecraft:bone":2,"butchersdelight:deadsheep":1,"butchersdelight:dead_cow":5,"minecraft:diamond":2,"farmersdelight:onion":22,"farmersdelight:cabbage":8,"minecraft:hay_block":2,"gnumus:gnumus_chickpeas":3,"quark:black_shard":4,"minecraft:moss_block":2,"valhelsia_structures:light_gray_sleeping_bag":1,"farmersdelight:cabbage_seeds":45,"minecraft:coal":69,"minecraft:white_wool":1,"minecraft:cobblestone":14}},"DataVersion":3465}