{
  "aquaculture:recipes/aquaculture/heavy_hook": {
    "criteria": {
      "has_items": "2024-07-21 01:33:59 +0000"
    },
    "done": true
  },
  "aquaculture:recipes/misc/neptunium_ingot_from_neptunium_block": {
    "criteria": {
      "has_items": "2024-07-21 01:33:59 +0000"
    },
    "done": true
  },
  "create:root": {
    "criteria": {
      "0": "2024-07-21 01:33:59 +0000"
    },
    "done": true
  },
  "rats:recipes/food/rat_burger": {
    "criteria": {
      "has_bread": "2024-07-21 01:33:59 +0000"
    },
    "done": true
  },
  "stellarity:cursed_tome/root": {
    "criteria": {
      "requirement": "2024-07-21 01:33:59 +0000"
    },
    "done": true
  },
  "minecraft:recipes/decorations/crafting_table": {
    "criteria": {
      "unlock_right_away": "2024-07-21 01:33:59 +0000"
    },
    "done": true
  },
  "naturalist:recipes/food/cooked_egg": {
    "criteria": {
      "has_eggs": "2024-07-21 01:33:59 +0000"
    },
    "done": true
  },
  "astikorcarts:recipes/supply_cart": {
    "criteria": {
      "has_wheel": "2024-07-21 01:33:59 +0000"
    },
    "done": true
  },
  "seadwellers:adv_root": {
    "criteria": {
      "adv_root": "2024-07-21 01:33:59 +0000"
    },
    "done": true
  },
  "irons_spellbooks:grant_patchouli": {
    "criteria": {
      "tick": "2024-07-21 01:33:59 +0000"
    },
    "done": true
  },
  "astikorcarts:recipes/plow": {
    "criteria": {
      "has_wheel": "2024-07-21 01:33:59 +0000"
    },
    "done": true
  },
  "aquaculture:recipes/decorations/acacia_fish_mount": {
    "criteria": {
      "has_items": "2024-07-21 01:33:59 +0000"
    },
    "done": true
  },
  "aquaculture:recipes/aquaculture/light_hook": {
    "criteria": {
      "has_items": "2024-07-21 01:33:59 +0000"
    },
    "done": true
  },
  "born_in_chaos_v1:bornin_chaos": {
    "criteria": {
      "bornin_chaos_0": "2024-07-21 01:33:59 +0000"
    },
    "done": true
  },
  "aquaculture:recipes/tools/iron_fishing_rod": {
    "criteria": {
      "has_vanilla_rod": "2024-07-21 01:33:59 +0000"
    },
    "done": true
  },
  "aquaculture:recipes/decorations/oak_fish_mount": {
    "criteria": {
      "has_items": "2024-07-21 01:33:59 +0000"
    },
    "done": true
  },
  "aquaculture:recipes/aquaculture/double_hook": {
    "criteria": {
      "has_items": "2024-07-21 01:33:59 +0000"
    },
    "done": true
  },
  "eeeabsmobs:eeeabsmobs/root": {
    "criteria": {
      "requirement": "2024-07-21 01:33:59 +0000"
    },
    "done": true
  },
  "betterdeserttemples:root": {
    "criteria": {
      "always": "2024-07-21 01:33:59 +0000"
    },
    "done": true
  },
  "aquaculture:recipes/aquaculture/fishing_line": {
    "criteria": {
      "has_items": "2024-07-21 01:33:59 +0000"
    },
    "done": true
  },
  "rats:root": {
    "criteria": {
      "tick": "2024-07-21 01:33:59 +0000"
    },
    "done": true
  },
  "aquaculture:recipes/aquaculture/iron_hook": {
    "criteria": {
      "has_items": "2024-07-21 01:33:59 +0000"
    },
    "done": true
  },
  "vinery:main/root": {
    "criteria": {
      "seeds": "2024-07-21 01:33:59 +0000"
    },
    "done": true
  },
  "aquaculture:recipes/misc/jellyfish_to_slimeball": {
    "criteria": {
      "has_items": "2024-07-21 01:33:59 +0000"
    },
    "done": true
  },
  "astikorcarts:recipes/animal_cart": {
    "criteria": {
      "has_wheel": "2024-07-21 01:33:59 +0000"
    },
    "done": true
  },
  "aquaculture:recipes/tools/diamond_fishing_rod": {
    "criteria": {
      "has_vanilla_rod": "2024-07-21 01:33:59 +0000"
    },
    "done": true
  },
  "cosmeticarmoursmod:cosmetic_armours_achievement": {
    "criteria": {
      "cosmetic_armours_achievement_0": "2024-07-21 01:33:59 +0000"
    },
    "done": true
  },
  "aquaculture:recipes/misc/tin_can_to_iron_nugget": {
    "criteria": {
      "has_items": "2024-07-21 01:33:59 +0000"
    },
    "done": true
  },
  "rats:recipes/misc/upgrades/armor_upgrade": {
    "criteria": {
      "has_shield": "2024-07-21 01:33:59 +0000"
    },
    "done": true
  },
  "idas:idas_root": {
    "criteria": {
      "always": "2024-07-21 01:33:59 +0000"
    },
    "done": true
  },
  "aquaculture:recipes/decorations/birch_fish_mount": {
    "criteria": {
      "has_items": "2024-07-21 01:33:59 +0000"
    },
    "done": true
  },
  "aquaculture:recipes/misc/iron_nugget_from_smelting": {
    "criteria": {
      "has_fishing_rod": "2024-07-21 01:33:59 +0000",
      "has_fillet_knife": "2024-07-21 01:33:59 +0000"
    },
    "done": true
  },
  "repurposed_structures:root": {
    "criteria": {
      "always": "2024-07-21 01:33:59 +0000"
    },
    "done": true
  },
  "aquaculture:recipes/tools/golden_fishing_rod": {
    "criteria": {
      "has_vanilla_rod": "2024-07-21 01:33:59 +0000"
    },
    "done": true
  },
  "aquaculture:recipes/misc/gold_nugget_from_smelting": {
    "criteria": {
      "has_fishing_rod": "2024-07-21 01:33:59 +0000",
      "has_fillet_knife": "2024-07-21 01:33:59 +0000"
    },
    "done": true
  },
  "beautify:progression/root": {
    "criteria": {
      "Install": "2024-07-21 01:33:59 +0000"
    },
    "done": true
  },
  "mowziesmobs:root": {
    "criteria": {
      "custom_test_name": "2024-07-21 01:33:59 +0000"
    },
    "done": true
  },
  "aquaculture:recipes/misc/bonemeal_from_fish_bones": {
    "criteria": {
      "has_items": "2024-07-21 01:33:59 +0000"
    },
    "done": true
  },
  "aquaculture:recipes/misc/brown_mushroom_from_fish": {
    "criteria": {
      "has_items": "2024-07-21 01:33:59 +0000"
    },
    "done": true
  },
  "stellarity:dragons_den/cursed_tome/root": {
    "criteria": {
      "requirement": "2024-07-21 01:33:59 +0000"
    },
    "done": true
  },
  "weaponmaster:parts/root": {
    "criteria": {
      "crafting_table": "2024-07-21 01:33:59 +0000"
    },
    "done": true
  },
  "aquaculture:recipes/misc/neptinium_ingot_from_blasting": {
    "criteria": {
      "has_leggings": "2024-07-21 01:33:59 +0000",
      "has_axe": "2024-07-21 01:33:59 +0000",
      "has_helmet": "2024-07-21 01:33:59 +0000",
      "has_fishing_rod": "2024-07-21 01:33:59 +0000",
      "has_bow": "2024-07-21 01:33:59 +0000",
      "has_chestplate": "2024-07-21 01:33:59 +0000",
      "has_sword": "2024-07-21 01:33:59 +0000",
      "has_fillet_knife": "2024-07-21 01:33:59 +0000",
      "has_shovel": "2024-07-21 01:33:59 +0000",
      "has_hoe": "2024-07-21 01:33:59 +0000",
      "has_boots": "2024-07-21 01:33:59 +0000",
      "has_pickaxe": "2024-07-21 01:33:59 +0000"
    },
    "done": true
  },
  "aquaculture:recipes/decorations/dark_oak_fish_mount": {
    "criteria": {
      "has_items": "2024-07-21 01:33:59 +0000"
    },
    "done": true
  },
  "rats:recipes/misc/upgrades/health_upgrade": {
    "criteria": {
      "has_bread": "2024-07-21 01:33:59 +0000"
    },
    "done": true
  },
  "aquaculture:recipes/aquaculture/diamond_hook": {
    "criteria": {
      "has_items": "2024-07-21 01:33:59 +0000"
    },
    "done": true
  },
  "aquaculture:recipes/food/sushi": {
    "criteria": {
      "has_alt_items": "2024-07-21 01:33:59 +0000",
      "has_items": "2024-07-21 01:33:59 +0000"
    },
    "done": true
  },
  "aquaculture:recipes/misc/red_mushroom_from_fish": {
    "criteria": {
      "has_items": "2024-07-21 01:33:59 +0000"
    },
    "done": true
  },
  "aquaculture:recipes/building_blocks/planks_from_driftwood": {
    "criteria": {
      "has_items": "2024-07-21 01:33:59 +0000"
    },
    "done": true
  },
  "aquaculture:recipes/aquaculture/worm_farm": {
    "criteria": {
      "has_items": "2024-07-21 01:33:59 +0000"
    },
    "done": true
  },
  "aquaculture:recipes/aquaculture/note_hook": {
    "criteria": {
      "has_items": "2024-07-21 01:33:59 +0000"
    },
    "done": true
  },
  "aquaculture:recipes/food/cooked_fish_fillet_from_campfire": {
    "criteria": {
      "has_items": "2024-07-21 01:33:59 +0000"
    },
    "done": true
  },
  "aquaculture:recipes/aquaculture/gold_hook": {
    "criteria": {
      "has_items": "2024-07-21 01:33:59 +0000"
    },
    "done": true
  },
  "aquaculture:recipes/decorations/spruce_fish_mount": {
    "criteria": {
      "has_items": "2024-07-21 01:33:59 +0000"
    },
    "done": true
  },
  "lootr:root": {
    "criteria": {
      "always_true": "2024-07-21 01:33:59 +0000"
    },
    "done": true
  },
  "aquaculture:recipes/misc/tin_can_to_iron_nugget_from_blasting": {
    "criteria": {
      "has_items": "2024-07-21 01:33:59 +0000"
    },
    "done": true
  },
  "cataclysm:root": {
    "criteria": {
      "custom_test_name": "2024-07-21 01:33:59 +0000"
    },
    "done": true
  },
  "aquaculture:recipes/aquaculture/redstone_hook": {
    "criteria": {
      "has_items": "2024-07-21 01:33:59 +0000"
    },
    "done": true
  },
  "player_companions:grant_book_on_first_join": {
    "criteria": {
      "tick": "2024-07-21 01:33:59 +0000"
    },
    "done": true
  },
  "aquaculture:recipes/misc/gold_nugget_from_blasting": {
    "criteria": {
      "has_fishing_rod": "2024-07-21 01:33:59 +0000",
      "has_fillet_knife": "2024-07-21 01:33:59 +0000"
    },
    "done": true
  },
  "aquaculture:recipes/aquaculture/bobber": {
    "criteria": {
      "has_items": "2024-07-21 01:33:59 +0000"
    },
    "done": true
  },
  "aquaculture:recipes/misc/gold_nugget_from_gold_fish": {
    "criteria": {
      "has_items": "2024-07-21 01:33:59 +0000"
    },
    "done": true
  },
  "aquaculture:recipes/food/cooked_fish_fillet_from_smoking": {
    "criteria": {
      "has_items": "2024-07-21 01:33:59 +0000"
    },
    "done": true
  },
  "farmersdelight:main/root": {
    "criteria": {
      "seeds": "2024-07-21 01:33:59 +0000"
    },
    "done": true
  },
  "aquaculture:recipes/food/cooked_fish_fillet": {
    "criteria": {
      "has_items": "2024-07-21 01:33:59 +0000"
    },
    "done": true
  },
  "exposure:recipes/tools/camera": {
    "criteria": {
      "has_iron": "2024-07-21 01:33:59 +0000"
    },
    "done": true
  },
  "aquaculture:recipes/misc/neptunium_ingot_from_nuggets": {
    "criteria": {
      "has_items": "2024-07-21 01:33:59 +0000"
    },
    "done": true
  },
  "aquaculture:recipes/misc/iron_nugget_from_blasting": {
    "criteria": {
      "has_fishing_rod": "2024-07-21 01:33:59 +0000",
      "has_fillet_knife": "2024-07-21 01:33:59 +0000"
    },
    "done": true
  },
  "aquaculture:recipes/decorations/jungle_fish_mount": {
    "criteria": {
      "has_items": "2024-07-21 01:33:59 +0000"
    },
    "done": true
  },
  "biomesoplenty:biomesoplenty/root": {
    "criteria": {
      "woodland": "2024-07-21 01:34:00 +0000"
    },
    "done": true
  },
  "regions_unexplored:parent": {
    "criteria": {
      "load_in_world": "2024-07-21 01:34:00 +0000"
    },
    "done": true
  },
  "biomesoplenty:biomesoplenty/all_biomes": {
    "criteria": {
      "woodland": "2024-07-21 01:34:00 +0000",
      "rocky_rainforest": "2024-07-21 02:28:21 +0000"
    },
    "done": false
  },
  "minecraft:recipes/decorations/chest": {
    "criteria": {
      "has_lots_of_items": "2024-07-21 02:28:41 +0000"
    },
    "done": true
  },
  "minecraft:recipes/building_blocks/oak_planks": {
    "criteria": {
      "has_logs": "2024-07-21 02:28:41 +0000"
    },
    "done": true
  },
  "vinery:recipes/stackable_log": {
    "criteria": {
      "has_oak_log": "2024-07-21 02:28:41 +0000"
    },
    "done": true
  },
  "minecraft:recipes/misc/charcoal": {
    "criteria": {
      "has_log": "2024-07-21 02:28:41 +0000"
    },
    "done": true
  },
  "regions_unexplored:recipes/decorations/oak_branch_from_oak_log": {
    "criteria": {
      "has_log": "2024-07-21 02:28:41 +0000"
    },
    "done": true
  },
  "minecraft:recipes/building_blocks/oak_wood": {
    "criteria": {
      "has_log": "2024-07-21 02:28:41 +0000"
    },
    "done": true
  },
  "vinery:recipes/grapevine_stem": {
    "criteria": {
      "has_oak_log": "2024-07-21 02:28:41 +0000"
    },
    "done": true
  },
  "valhelsia_structures:recipes/building_blocks/oak_post": {
    "criteria": {
      "has_item": "2024-07-21 02:28:41 +0000"
    },
    "done": true
  },
  "minecraft:recipes/decorations/ladder": {
    "criteria": {
      "has_stick": "2024-07-21 02:28:58 +0000"
    },
    "done": true
  },
  "supplementaries:recipes/flags/flag_magenta": {
    "criteria": {
      "has_stick": "2024-07-21 02:28:58 +0000"
    },
    "done": true
  },
  "minecraft:recipes/tools/wooden_axe": {
    "criteria": {
      "has_stick": "2024-07-21 02:28:58 +0000"
    },
    "done": true
  },
  "supplementaries:recipes/daub_cross_brace": {
    "criteria": {
      "forge:rods/wooden": "2024-07-21 02:28:58 +0000"
    },
    "done": true
  },
  "minecraft:recipes/decorations/campfire": {
    "criteria": {
      "has_stick": "2024-07-21 02:28:58 +0000",
      "has_the_recipe": "2024-07-21 02:28:58 +0000"
    },
    "done": true
  },
  "supplementaries:recipes/timber_brace": {
    "criteria": {
      "forge:rods/wooden": "2024-07-21 02:28:58 +0000"
    },
    "done": true
  },
  "paraglider:recipes/misc/paraglider": {
    "criteria": {
      "has_stick": "2024-07-21 02:28:58 +0000"
    },
    "done": true
  },
  "supplementaries:recipes/flags/flag_black": {
    "criteria": {
      "has_stick": "2024-07-21 02:28:58 +0000"
    },
    "done": true
  },
  "minecraft:recipes/combat/wooden_sword": {
    "criteria": {
      "has_stick": "2024-07-21 02:28:58 +0000"
    },
    "done": true
  },
  "supplementaries:recipes/flags/flag_green": {
    "criteria": {
      "has_stick": "2024-07-21 02:28:58 +0000"
    },
    "done": true
  },
  "supplementaries:recipes/flags/flag_purple": {
    "criteria": {
      "has_stick": "2024-07-21 02:28:58 +0000"
    },
    "done": true
  },
  "supplementaries:recipes/flags/flag_white": {
    "criteria": {
      "has_stick": "2024-07-21 02:28:58 +0000"
    },
    "done": true
  },
  "supplementaries:recipes/timber_cross_brace": {
    "criteria": {
      "forge:rods/wooden": "2024-07-21 02:28:58 +0000"
    },
    "done": true
  },
  "regions_unexplored:recipes/decorations/oak_shrub": {
    "criteria": {
      "has_oak_sapling": "2024-07-21 02:28:58 +0000"
    },
    "done": true
  },
  "supplementaries:recipes/flags/flag_gray": {
    "criteria": {
      "has_stick": "2024-07-21 02:28:58 +0000"
    },
    "done": true
  },
  "supplementaries:recipes/faucet": {
    "criteria": {
      "forge:rods/wooden": "2024-07-21 02:28:58 +0000"
    },
    "done": true
  },
  "rats:recipes/tools/radius_stick": {
    "criteria": {
      "has_stick": "2024-07-21 02:28:58 +0000"
    },
    "done": true
  },
  "beautify:blinds": {
    "criteria": {
      "requirement": "2024-07-21 02:28:58 +0000"
    },
    "done": true
  },
  "supplementaries:recipes/flags/flag_light_blue": {
    "criteria": {
      "has_stick": "2024-07-21 02:28:58 +0000"
    },
    "done": true
  },
  "rats:recipes/misc/upgrades/lumberjack_upgrade": {
    "criteria": {
      "has_sapling": "2024-07-21 02:28:58 +0000"
    },
    "done": true
  },
  "vinery:recipes/dark_cherry_fence": {
    "criteria": {
      "has_stick": "2024-07-21 02:28:58 +0000"
    },
    "done": true
  },
  "supplementaries:recipes/daub_brace": {
    "criteria": {
      "forge:rods/wooden": "2024-07-21 02:28:58 +0000"
    },
    "done": true
  },
  "vinery:recipes/dark_cherry_fence_gate": {
    "criteria": {
      "has_stick": "2024-07-21 02:28:58 +0000"
    },
    "done": true
  },
  "minecraft:recipes/tools/wooden_pickaxe": {
    "criteria": {
      "has_stick": "2024-07-21 02:28:58 +0000"
    },
    "done": true
  },
  "supplementaries:recipes/flags/flag_cyan": {
    "criteria": {
      "has_stick": "2024-07-21 02:28:58 +0000"
    },
    "done": true
  },
  "supplementaries:recipes/flags/flag_red": {
    "criteria": {
      "has_stick": "2024-07-21 02:28:58 +0000"
    },
    "done": true
  },
  "rats:recipes/tools/patrol_stick": {
    "criteria": {
      "has_stick": "2024-07-21 02:28:58 +0000"
    },
    "done": true
  },
  "supplementaries:recipes/crank": {
    "criteria": {
      "forge:rods/wooden": "2024-07-21 02:28:58 +0000"
    },
    "done": true
  },
  "supplementaries:recipes/flags/flag_orange": {
    "criteria": {
      "has_stick": "2024-07-21 02:28:58 +0000"
    },
    "done": true
  },
  "supplementaries:recipes/flags/flag_pink": {
    "criteria": {
      "has_stick": "2024-07-21 02:28:58 +0000"
    },
    "done": true
  },
  "supplementaries:recipes/timber_frame": {
    "criteria": {
      "forge:rods/wooden": "2024-07-21 02:28:58 +0000"
    },
    "done": true
  },
  "aquaculture:recipes/tools/wooden_fillet_knife": {
    "criteria": {
      "has_items": "2024-07-21 02:28:58 +0000"
    },
    "done": true
  },
  "minecraft:recipes/tools/wooden_hoe": {
    "criteria": {
      "has_stick": "2024-07-21 02:28:58 +0000"
    },
    "done": true
  },
  "vinery:recipes/campfire": {
    "criteria": {
      "has_stick": "2024-07-21 02:28:58 +0000"
    },
    "done": true
  },
  "supplementaries:recipes/slingshot": {
    "criteria": {
      "forge:rods/wooden": "2024-07-21 02:28:58 +0000"
    },
    "done": true
  },
  "minecraft:recipes/tools/wooden_shovel": {
    "criteria": {
      "has_stick": "2024-07-21 02:28:58 +0000"
    },
    "done": true
  },
  "rats:recipes/tools/cheese_stick": {
    "criteria": {
      "has_stick": "2024-07-21 02:28:58 +0000"
    },
    "done": true
  },
  "supplementaries:recipes/flags/flag_brown": {
    "criteria": {
      "has_stick": "2024-07-21 02:28:58 +0000"
    },
    "done": true
  },
  "farmersdelight:recipes/combat/flint_knife": {
    "criteria": {
      "has_stick": "2024-07-21 02:28:58 +0000"
    },
    "done": true
  },
  "vinery:recipes/grapevine_lattice": {
    "criteria": {
      "has_stick": "2024-07-21 02:28:58 +0000"
    },
    "done": true
  },
  "supplementaries:recipes/flags/flag_blue": {
    "criteria": {
      "has_stick": "2024-07-21 02:28:58 +0000"
    },
    "done": true
  },
  "supplementaries:recipes/daub_frame": {
    "criteria": {
      "forge:rods/wooden": "2024-07-21 02:28:58 +0000"
    },
    "done": true
  },
  "supplementaries:recipes/flags/flag_yellow": {
    "criteria": {
      "has_stick": "2024-07-21 02:28:58 +0000"
    },
    "done": true
  },
  "supplementaries:recipes/flags/flag_light_gray": {
    "criteria": {
      "has_stick": "2024-07-21 02:28:58 +0000"
    },
    "done": true
  },
  "farmersdelight:recipes/decorations/cutting_board": {
    "criteria": {
      "has_stick": "2024-07-21 02:28:58 +0000"
    },
    "done": true
  },
  "beautify:trellis": {
    "criteria": {
      "requirement": "2024-07-21 02:28:58 +0000"
    },
    "done": true
  },
  "supplementaries:recipes/flags/flag_lime": {
    "criteria": {
      "has_stick": "2024-07-21 02:28:58 +0000"
    },
    "done": true
  },
  "valhelsia_furniture:recipes/decorations/black_upholstered_oak_chair": {
    "criteria": {
      "has_oak_planks": "2024-07-21 02:29:01 +0000"
    },
    "done": true
  },
  "valhelsia_furniture:recipes/decorations/oak_table": {
    "criteria": {
      "has_oak_planks": "2024-07-21 02:29:01 +0000"
    },
    "done": true
  },
  "regions_unexplored:recipes/building_blocks/brown_painted_planks": {
    "criteria": {
      "has_planks": "2024-07-21 02:29:01 +0000"
    },
    "done": true
  },
  "minecraft:recipes/misc/stick": {
    "criteria": {
      "has_planks": "2024-07-21 02:29:01 +0000"
    },
    "done": true
  },
  "valhelsia_furniture:recipes/decorations/pink_oak_chair": {
    "criteria": {
      "has_oak_planks": "2024-07-21 02:29:01 +0000"
    },
    "done": true
  },
  "valhelsia_furniture:recipes/decorations/yellow_upholstered_oak_chair": {
    "criteria": {
      "has_oak_planks": "2024-07-21 02:29:01 +0000"
    },
    "done": true
  },
  "valhelsia_furniture:recipes/decorations/orange_oak_chair": {
    "criteria": {
      "has_oak_planks": "2024-07-21 02:29:01 +0000"
    },
    "done": true
  },
  "regions_unexplored:recipes/building_blocks/cyan_painted_planks": {
    "criteria": {
      "has_planks": "2024-07-21 02:29:01 +0000"
    },
    "done": true
  },
  "minecraft:recipes/building_blocks/oak_slab": {
    "criteria": {
      "has_planks": "2024-07-21 02:29:01 +0000"
    },
    "done": true
  },
  "valhelsia_furniture:recipes/decorations/brown_upholstered_oak_chair": {
    "criteria": {
      "has_oak_planks": "2024-07-21 02:29:01 +0000"
    },
    "done": true
  },
  "tetra:recipes/planks": {
    "criteria": {
      "got_wood": "2024-07-21 02:29:01 +0000"
    },
    "done": true
  },
  "astikorcarts:recipes/wheel": {
    "criteria": {
      "has_planks": "2024-07-21 02:29:01 +0000"
    },
    "done": true
  },
  "minecraft:recipes/redstone/oak_door": {
    "criteria": {
      "has_planks": "2024-07-21 02:29:01 +0000"
    },
    "done": true
  },
  "supplementaries:recipes/turn_table": {
    "criteria": {
      "minecraft:planks": "2024-07-21 02:29:01 +0000"
    },
    "done": true
  },
  "valhelsia_furniture:recipes/decorations/lime_oak_chair": {
    "criteria": {
      "has_oak_planks": "2024-07-21 02:29:01 +0000"
    },
    "done": true
  },
  "regions_unexplored:recipes/building_blocks/orange_painted_planks": {
    "criteria": {
      "has_planks": "2024-07-21 02:29:01 +0000"
    },
    "done": true
  },
  "valhelsia_furniture:recipes/decorations/light_blue_oak_chair": {
    "criteria": {
      "has_oak_planks": "2024-07-21 02:29:01 +0000"
    },
    "done": true
  },
  "regions_unexplored:recipes/building_blocks/red_painted_planks": {
    "criteria": {
      "has_planks": "2024-07-21 02:29:01 +0000"
    },
    "done": true
  },
  "minecraft:recipes/redstone/oak_trapdoor": {
    "criteria": {
      "has_planks": "2024-07-21 02:29:01 +0000"
    },
    "done": true
  },
  "valhelsia_furniture:recipes/decorations/gray_oak_chair": {
    "criteria": {
      "has_oak_planks": "2024-07-21 02:29:01 +0000"
    },
    "done": true
  },
  "regions_unexplored:recipes/building_blocks/green_painted_planks": {
    "criteria": {
      "has_planks": "2024-07-21 02:29:01 +0000"
    },
    "done": true
  },
  "valhelsia_furniture:recipes/decorations/cyan_upholstered_oak_chair": {
    "criteria": {
      "has_oak_planks": "2024-07-21 02:29:01 +0000"
    },
    "done": true
  },
  "supplementaries:recipes/bed_from_feather_block": {
    "criteria": {
      "minecraft:planks": "2024-07-21 02:29:01 +0000"
    },
    "done": true
  },
  "regions_unexplored:recipes/building_blocks/light_gray_painted_planks": {
    "criteria": {
      "has_planks": "2024-07-21 02:29:01 +0000"
    },
    "done": true
  },
  "valhelsia_furniture:recipes/decorations/blue_oak_chair": {
    "criteria": {
      "has_oak_planks": "2024-07-21 02:29:01 +0000"
    },
    "done": true
  },
  "regions_unexplored:recipes/building_blocks/yellow_painted_planks": {
    "criteria": {
      "has_planks": "2024-07-21 02:29:01 +0000"
    },
    "done": true
  },
  "regions_unexplored:recipes/building_blocks/purple_painted_planks": {
    "criteria": {
      "has_planks": "2024-07-21 02:29:01 +0000"
    },
    "done": true
  },
  "valhelsia_furniture:recipes/decorations/brown_oak_chair": {
    "criteria": {
      "has_oak_planks": "2024-07-21 02:29:01 +0000"
    },
    "done": true
  },
  "valhelsia_furniture:recipes/decorations/oak_desk": {
    "criteria": {
      "has_oak_planks": "2024-07-21 02:29:01 +0000"
    },
    "done": true
  },
  "valhelsia_furniture:recipes/decorations/oak_desk_drawer": {
    "criteria": {
      "has_oak_planks": "2024-07-21 02:29:01 +0000"
    },
    "done": true
  },
  "supplementaries:recipes/notice_board": {
    "criteria": {
      "minecraft:planks": "2024-07-21 02:29:01 +0000"
    },
    "done": true
  },
  "valhelsia_furniture:recipes/decorations/red_upholstered_oak_chair": {
    "criteria": {
      "has_oak_planks": "2024-07-21 02:29:01 +0000"
    },
    "done": true
  },
  "valhelsia_furniture:recipes/decorations/orange_upholstered_oak_chair": {
    "criteria": {
      "has_oak_planks": "2024-07-21 02:29:01 +0000"
    },
    "done": true
  },
  "minecraft:recipes/redstone/oak_pressure_plate": {
    "criteria": {
      "has_planks": "2024-07-21 02:29:01 +0000"
    },
    "done": true
  },
  "valhelsia_furniture:recipes/decorations/black_oak_chair": {
    "criteria": {
      "has_oak_planks": "2024-07-21 02:29:01 +0000"
    },
    "done": true
  },
  "vinery:recipes/oak_wine_rack_big": {
    "criteria": {
      "has_oak_planks": "2024-07-21 02:29:01 +0000"
    },
    "done": true
  },
  "regions_unexplored:recipes/building_blocks/lime_painted_planks": {
    "criteria": {
      "has_planks": "2024-07-21 02:29:01 +0000"
    },
    "done": true
  },
  "minecraft:recipes/decorations/oak_sign": {
    "criteria": {
      "has_planks": "2024-07-21 02:29:01 +0000"
    },
    "done": true
  },
  "valhelsia_furniture:recipes/decorations/red_oak_chair": {
    "criteria": {
      "has_oak_planks": "2024-07-21 02:29:01 +0000"
    },
    "done": true
  },
  "valhelsia_furniture:recipes/decorations/oak_chair": {
    "criteria": {
      "has_oak_planks": "2024-07-21 02:29:01 +0000"
    },
    "done": true
  },
  "supplementaries:recipes/lock_block": {
    "criteria": {
      "minecraft:planks": "2024-07-21 02:29:01 +0000"
    },
    "done": true
  },
  "valhelsia_furniture:recipes/decorations/blue_upholstered_oak_chair": {
    "criteria": {
      "has_oak_planks": "2024-07-21 02:29:01 +0000"
    },
    "done": true
  },
  "regions_unexplored:recipes/building_blocks/black_painted_planks": {
    "criteria": {
      "has_planks": "2024-07-21 02:29:01 +0000"
    },
    "done": true
  },
  "minecraft:recipes/redstone/oak_fence_gate": {
    "criteria": {
      "has_planks": "2024-07-21 02:29:01 +0000"
    },
    "done": true
  },
  "valhelsia_furniture:recipes/decorations/light_gray_upholstered_oak_chair": {
    "criteria": {
      "has_oak_planks": "2024-07-21 02:29:01 +0000"
    },
    "done": true
  },
  "regions_unexplored:recipes/building_blocks/blue_painted_planks": {
    "criteria": {
      "has_planks": "2024-07-21 02:29:01 +0000"
    },
    "done": true
  },
  "valhelsia_furniture:recipes/decorations/yellow_oak_chair": {
    "criteria": {
      "has_oak_planks": "2024-07-21 02:29:01 +0000"
    },
    "done": true
  },
  "valhelsia_furniture:recipes/decorations/light_blue_upholstered_oak_chair": {
    "criteria": {
      "has_oak_planks": "2024-07-21 02:29:01 +0000"
    },
    "done": true
  },
  "valhelsia_furniture:recipes/decorations/purple_upholstered_oak_chair": {
    "criteria": {
      "has_oak_planks": "2024-07-21 02:29:01 +0000"
    },
    "done": true
  },
  "supplementaries:recipes/clock_block": {
    "criteria": {
      "minecraft:planks": "2024-07-21 02:29:01 +0000"
    },
    "done": true
  },
  "minecraft:recipes/decorations/barrel": {
    "criteria": {
      "has_planks": "2024-07-21 02:29:01 +0000"
    },
    "done": true
  },
  "rats:recipes/misc/upgrades/dj_upgrade": {
    "criteria": {
      "has_planks": "2024-07-21 02:29:01 +0000"
    },
    "done": true
  },
  "valhelsia_furniture:recipes/decorations/green_upholstered_oak_chair": {
    "criteria": {
      "has_oak_planks": "2024-07-21 02:29:01 +0000"
    },
    "done": true
  },
  "valhelsia_furniture:recipes/decorations/lime_upholstered_oak_chair": {
    "criteria": {
      "has_oak_planks": "2024-07-21 02:29:01 +0000"
    },
    "done": true
  },
  "regions_unexplored:recipes/building_blocks/gray_painted_planks": {
    "criteria": {
      "has_planks": "2024-07-21 02:29:01 +0000"
    },
    "done": true
  },
  "valhelsia_furniture:recipes/decorations/hay_oak_chair": {
    "criteria": {
      "has_oak_planks": "2024-07-21 02:29:01 +0000"
    },
    "done": true
  },
  "valhelsia_furniture:recipes/decorations/cyan_oak_chair": {
    "criteria": {
      "has_oak_planks": "2024-07-21 02:29:01 +0000"
    },
    "done": true
  },
  "valhelsia_furniture:recipes/decorations/magenta_oak_chair": {
    "criteria": {
      "has_oak_planks": "2024-07-21 02:29:01 +0000"
    },
    "done": true
  },
  "regions_unexplored:recipes/building_blocks/white_painted_planks": {
    "criteria": {
      "has_planks": "2024-07-21 02:29:01 +0000"
    },
    "done": true
  },
  "minecraft:recipes/building_blocks/oak_stairs": {
    "criteria": {
      "has_planks": "2024-07-21 02:29:01 +0000"
    },
    "done": true
  },
  "minecraft:recipes/decorations/oak_fence": {
    "criteria": {
      "has_planks": "2024-07-21 02:29:01 +0000"
    },
    "done": true
  },
  "regions_unexplored:recipes/building_blocks/light_blue_painted_planks": {
    "criteria": {
      "has_planks": "2024-07-21 02:29:01 +0000"
    },
    "done": true
  },
  "supplementaries:recipes/speaker_block": {
    "criteria": {
      "minecraft:planks": "2024-07-21 02:29:01 +0000"
    },
    "done": true
  },
  "valhelsia_furniture:recipes/decorations/white_upholstered_oak_chair": {
    "criteria": {
      "has_oak_planks": "2024-07-21 02:29:01 +0000"
    },
    "done": true
  },
  "rats:recipes/misc/upgrades/crafting_upgrade": {
    "criteria": {
      "has_planks": "2024-07-21 02:29:01 +0000"
    },
    "done": true
  },
  "minecraft:recipes/redstone/oak_button": {
    "criteria": {
      "has_planks": "2024-07-21 02:29:01 +0000"
    },
    "done": true
  },
  "valhelsia_furniture:recipes/decorations/pink_upholstered_oak_chair": {
    "criteria": {
      "has_oak_planks": "2024-07-21 02:29:01 +0000"
    },
    "done": true
  },
  "regions_unexplored:recipes/building_blocks/pink_painted_planks": {
    "criteria": {
      "has_planks": "2024-07-21 02:29:01 +0000"
    },
    "done": true
  },
  "valhelsia_furniture:recipes/decorations/purple_oak_chair": {
    "criteria": {
      "has_oak_planks": "2024-07-21 02:29:01 +0000"
    },
    "done": true
  },
  "valhelsia_furniture:recipes/decorations/gray_upholstered_oak_chair": {
    "criteria": {
      "has_oak_planks": "2024-07-21 02:29:01 +0000"
    },
    "done": true
  },
  "valhelsia_furniture:recipes/decorations/white_oak_chair": {
    "criteria": {
      "has_oak_planks": "2024-07-21 02:29:01 +0000"
    },
    "done": true
  },
  "regions_unexplored:recipes/building_blocks/magenta_painted_planks": {
    "criteria": {
      "has_planks": "2024-07-21 02:29:01 +0000"
    },
    "done": true
  },
  "valhelsia_furniture:recipes/decorations/light_gray_oak_chair": {
    "criteria": {
      "has_oak_planks": "2024-07-21 02:29:01 +0000"
    },
    "done": true
  },
  "vinery:recipes/oak_wine_rack_small": {
    "criteria": {
      "has_oak_planks": "2024-07-21 02:29:01 +0000"
    },
    "done": true
  },
  "create:recipes/building_blocks/oak_window": {
    "criteria": {
      "has_ingredient": "2024-07-21 02:29:01 +0000"
    },
    "done": true
  },
  "supplementaries:recipes/pulley": {
    "criteria": {
      "minecraft:planks": "2024-07-21 02:29:01 +0000"
    },
    "done": true
  },
  "valhelsia_furniture:recipes/decorations/magenta_upholstered_oak_chair": {
    "criteria": {
      "has_oak_planks": "2024-07-21 02:29:01 +0000"
    },
    "done": true
  },
  "valhelsia_furniture:recipes/decorations/green_oak_chair": {
    "criteria": {
      "has_oak_planks": "2024-07-21 02:29:01 +0000"
    },
    "done": true
  },
  "minecraft:story/obtain_armor": {
    "criteria": {
      "iron_boots": "2024-07-21 02:42:49 +0000"
    },
    "done": true
  },
  "minecraft:recipes/misc/iron_nugget_from_smelting": {
    "criteria": {
      "has_iron_boots": "2024-07-21 02:42:49 +0000"
    },
    "done": true
  },
  "minecraft:recipes/misc/iron_nugget_from_blasting": {
    "criteria": {
      "has_iron_boots": "2024-07-21 02:42:49 +0000"
    },
    "done": true
  },
  "sophisticatedbackpacks:recipes/misc/iron_backpack_from_copper": {
    "criteria": {
      "has_copper_backpack": "2024-07-21 02:43:25 +0000"
    },
    "done": true
  },
  "sophisticatedbackpacks:recipes/misc/iron_backpack": {
    "criteria": {
      "has_backpack": "2024-07-21 02:44:17 +0000"
    },
    "done": true
  },
  "sophisticatedbackpacks:recipes/misc/copper_backpack": {
    "criteria": {
      "has_backpack": "2024-07-21 02:44:17 +0000"
    },
    "done": true
  },
  "minecraft:recipes/combat/iron_helmet": {
    "criteria": {
      "has_iron_ingot": "2024-07-21 06:30:09 +0000"
    },
    "done": true
  },
  "rats:recipes/misc/upgrades/strength_upgrade": {
    "criteria": {
      "has_iron": "2024-07-21 06:30:09 +0000"
    },
    "done": true
  },
  "supplementaries:recipes/candle_holders/candle_holder_gray": {
    "criteria": {
      "has_iron_ingot": "2024-07-21 06:30:09 +0000"
    },
    "done": true
  },
  "beautify:iron_blinds": {
    "criteria": {
      "requirement": "2024-07-21 06:30:09 +0000"
    },
    "done": true
  },
  "valhelsia_structures:recipes/building_blocks/metal_framed_glass": {
    "criteria": {
      "has_ingots/iron": "2024-07-21 06:30:09 +0000"
    },
    "done": true
  },
  "supplementaries:recipes/candle_holders/candle_holder_light_gray": {
    "criteria": {
      "has_iron_ingot": "2024-07-21 06:30:09 +0000"
    },
    "done": true
  },
  "create:recipes/misc/crafting/materials/andesite_alloy": {
    "criteria": {
      "has_item": "2024-07-21 06:30:09 +0000"
    },
    "done": true
  },
  "valhelsia_structures:recipes/building_blocks/cyan_metal_framed_glass": {
    "criteria": {
      "has_ingots/iron": "2024-07-21 06:30:09 +0000"
    },
    "done": true
  },
  "betterarcheology:recipes/recipe_iron_brush": {
    "criteria": {
      "has_item": "2024-07-21 06:30:09 +0000"
    },
    "done": true
  },
  "minecraft:recipes/redstone/hopper": {
    "criteria": {
      "has_iron_ingot": "2024-07-21 06:30:09 +0000"
    },
    "done": true
  },
  "valhelsia_structures:recipes/building_blocks/purple_metal_framed_glass": {
    "criteria": {
      "has_ingots/iron": "2024-07-21 06:30:09 +0000"
    },
    "done": true
  },
  "supplementaries:recipes/candle_holders/candle_holder_orange": {
    "criteria": {
      "has_iron_ingot": "2024-07-21 06:30:09 +0000"
    },
    "done": true
  },
  "minecraft:recipes/combat/iron_boots": {
    "criteria": {
      "has_iron_ingot": "2024-07-21 06:30:09 +0000"
    },
    "done": true
  },
  "supplementaries:recipes/candle_holders/candle_holder_red": {
    "criteria": {
      "has_iron_ingot": "2024-07-21 06:30:09 +0000"
    },
    "done": true
  },
  "supplementaries:recipes/bubble_blower": {
    "criteria": {
      "has_iron_ingot": "2024-07-21 06:30:09 +0000"
    },
    "done": true
  },
  "farmersdelight:recipes/cooking/pasta_with_meatballs": {
    "criteria": {
      "has_any_ingredient": "2024-07-21 06:30:36 +0000"
    },
    "done": true
  },
  "player_companions:recipes/tame_wheat_seed_from_wheat_seed": {
    "criteria": {
      "has_wheat": "2024-07-21 06:30:10 +0000"
    },
    "done": true
  },
  "valhelsia_structures:recipes/building_blocks/pink_metal_framed_glass": {
    "criteria": {
      "has_ingots/iron": "2024-07-21 06:30:09 +0000"
    },
    "done": true
  },
  "create:recipes/building_blocks/copycat_panel_from_ingots_zinc_stonecutting": {
    "criteria": {
      "has_ingots_zinc": "2024-07-21 06:30:08 +0000"
    },
    "done": true
  },
  "valhelsia_structures:recipes/building_blocks/light_gray_metal_framed_glass": {
    "criteria": {
      "has_ingots/iron": "2024-07-21 06:30:09 +0000"
    },
    "done": true
  },
  "minecraft:recipes/redstone/iron_trapdoor": {
    "criteria": {
      "has_iron_ingot": "2024-07-21 06:30:09 +0000"
    },
    "done": true
  },
  "farmersdelight:recipes/food/pie_crust": {
    "criteria": {
      "has_wheat": "2024-07-21 06:30:10 +0000"
    },
    "done": true
  },
  "farmersdelight:recipes/combat/iron_knife": {
    "criteria": {
      "has_iron_ingot": "2024-07-21 06:30:09 +0000"
    },
    "done": true
  },
  "supplementaries:recipes/candle_holders/candle_holder_magenta": {
    "criteria": {
      "has_iron_ingot": "2024-07-21 06:30:09 +0000"
    },
    "done": true
  },
  "vinery:recipes/big_table": {
    "criteria": {
      "has_iron_ingot": "2024-07-21 06:30:09 +0000"
    },
    "done": true
  },
  "valhelsia_structures:recipes/building_blocks/lime_metal_framed_glass": {
    "criteria": {
      "has_ingots/iron": "2024-07-21 06:30:09 +0000"
    },
    "done": true
  },
  "valhelsia_structures:recipes/building_blocks/light_blue_metal_framed_glass": {
    "criteria": {
      "has_ingots/iron": "2024-07-21 06:30:09 +0000"
    },
    "done": true
  },
  "vinery:recipes/basket": {
    "criteria": {
      "has_wheat": "2024-07-21 06:30:10 +0000"
    },
    "done": true
  },
  "rats:recipes/misc/upgrades/crossbow_upgrade": {
    "criteria": {
      "has_iron": "2024-07-21 06:30:09 +0000"
    },
    "done": true
  },
  "minecraft:recipes/combat/iron_chestplate": {
    "criteria": {
      "has_iron_ingot": "2024-07-21 06:30:09 +0000"
    },
    "done": true
  },
  "minecraft:recipes/misc/gold_nugget_from_smelting": {
    "criteria": {
      "has_golden_shovel": "2024-07-21 06:30:19 +0000"
    },
    "done": true
  },
  "farmersdelight:recipes/food/wheat_dough_from_eggs": {
    "criteria": {
      "has_wheat": "2024-07-21 06:30:10 +0000"
    },
    "done": true
  },
  "minecraft:recipes/misc/iron_nugget": {
    "criteria": {
      "has_iron_ingot": "2024-07-21 06:30:09 +0000"
    },
    "done": true
  },
  "minecraft:recipes/misc/bucket": {
    "criteria": {
      "has_iron_ingot": "2024-07-21 06:30:09 +0000"
    },
    "done": true
  },
  "supplementaries:recipes/candle_holders/candle_holder_pink": {
    "criteria": {
      "has_iron_ingot": "2024-07-21 06:30:09 +0000"
    },
    "done": true
  },
  "rats:recipes/combat/farmer_hat": {
    "criteria": {
      "has_wheat": "2024-07-21 06:30:10 +0000"
    },
    "done": true
  },
  "minecraft:story/smelt_iron": {
    "criteria": {
      "iron": "2024-07-21 06:30:09 +0000"
    },
    "done": true
  },
  "supplementaries:recipes/candle_holders/candle_holder_white": {
    "criteria": {
      "has_iron_ingot": "2024-07-21 06:30:09 +0000"
    },
    "done": true
  },
  "minecraft:recipes/building_blocks/emerald_block": {
    "criteria": {
      "has_emerald": "2024-07-21 06:30:10 +0000"
    },
    "done": true
  },
  "rats:recipes/misc/upgrades/pickpocket_upgrade": {
    "criteria": {
      "has_emerald": "2024-07-21 06:30:10 +0000"
    },
    "done": true
  },
  "valhelsia_structures:recipes/building_blocks/black_metal_framed_glass": {
    "criteria": {
      "has_ingots/iron": "2024-07-21 06:30:09 +0000"
    },
    "done": true
  },
  "create:recipes/misc/crafting/kinetics/empty_blaze_burner": {
    "criteria": {
      "has_item": "2024-07-21 06:30:09 +0000"
    },
    "done": true
  },
  "rats:recipes/tools/rat_whistle": {
    "criteria": {
      "has_iron": "2024-07-21 06:30:09 +0000"
    },
    "done": true
  },
  "supplementaries:recipes/candle_holders/candle_holder_brown": {
    "criteria": {
      "has_iron_ingot": "2024-07-21 06:30:09 +0000"
    },
    "done": true
  },
  "minecraft:recipes/combat/iron_sword": {
    "criteria": {
      "has_iron_ingot": "2024-07-21 06:30:09 +0000"
    },
    "done": true
  },
  "minecraft:recipes/tools/iron_pickaxe": {
    "criteria": {
      "has_iron_ingot": "2024-07-21 06:30:09 +0000"
    },
    "done": true
  },
  "valhelsia_structures:recipes/building_blocks/blue_metal_framed_glass": {
    "criteria": {
      "has_ingots/iron": "2024-07-21 06:30:09 +0000"
    },
    "done": true
  },
  "supplementaries:recipes/iron_gate": {
    "criteria": {
      "has_iron_ingot": "2024-07-21 06:30:09 +0000"
    },
    "done": true
  },
  "minecraft:recipes/combat/shield": {
    "criteria": {
      "has_iron_ingot": "2024-07-21 06:30:09 +0000"
    },
    "done": true
  },
  "minecraft:recipes/decorations/iron_bars": {
    "criteria": {
      "has_iron_ingot": "2024-07-21 06:30:09 +0000"
    },
    "done": true
  },
  "supplementaries:recipes/candle_holders/candle_holder_black": {
    "criteria": {
      "has_iron_ingot": "2024-07-21 06:30:09 +0000"
    },
    "done": true
  },
  "create:recipes/building_blocks/copycat_step_from_ingots_zinc_stonecutting": {
    "criteria": {
      "has_ingots_zinc": "2024-07-21 06:30:08 +0000"
    },
    "done": true
  },
  "create:recipes/misc/crafting/materials/andesite_alloy_from_zinc": {
    "criteria": {
      "has_item": "2024-07-21 06:30:08 +0000"
    },
    "done": true
  },
  "supplementaries:recipes/candle_holders/candle_holder_green": {
    "criteria": {
      "has_iron_ingot": "2024-07-21 06:30:09 +0000"
    },
    "done": true
  },
  "valhelsia_structures:recipes/building_blocks/red_metal_framed_glass": {
    "criteria": {
      "has_ingots/iron": "2024-07-21 06:30:09 +0000"
    },
    "done": true
  },
  "rats:recipes/decorations/rat_trap": {
    "criteria": {
      "has_iron": "2024-07-21 06:30:09 +0000"
    },
    "done": true
  },
  "rats:recipes/misc/upgrades/breeder_upgrade": {
    "criteria": {
      "has_wheat": "2024-07-21 06:30:10 +0000"
    },
    "done": true
  },
  "valhelsia_structures:recipes/building_blocks/green_metal_framed_glass": {
    "criteria": {
      "has_ingots/iron": "2024-07-21 06:30:09 +0000"
    },
    "done": true
  },
  "valhelsia_structures:recipes/building_blocks/magenta_metal_framed_glass": {
    "criteria": {
      "has_ingots/iron": "2024-07-21 06:30:09 +0000"
    },
    "done": true
  },
  "sophisticatedbackpacks:recipes/misc/upgrade_base": {
    "criteria": {
      "has_leather": "2024-07-21 06:30:36 +0000"
    },
    "done": true
  },
  "supplementaries:recipes/candle_holders/candle_holder": {
    "criteria": {
      "has_iron_ingot": "2024-07-21 06:30:09 +0000"
    },
    "done": true
  },
  "rats:recipes/misc/upgrades/platter_upgrade": {
    "criteria": {
      "has_iron": "2024-07-21 06:30:09 +0000"
    },
    "done": true
  },
  "minecraft:recipes/tools/iron_axe": {
    "criteria": {
      "has_iron_ingot": "2024-07-21 06:30:09 +0000"
    },
    "done": true
  },
  "valhelsia_structures:recipes/building_blocks/brown_metal_framed_glass": {
    "criteria": {
      "has_ingots/iron": "2024-07-21 06:30:09 +0000"
    },
    "done": true
  },
  "minecraft:husbandry/balanced_diet": {
    "criteria": {
      "bread": "2024-07-21 06:30:27 +0000"
    },
    "done": false
  },
  "create:recipes/misc/crafting/materials/zinc_nugget_from_decompacting": {
    "criteria": {
      "has_item": "2024-07-21 06:30:08 +0000"
    },
    "done": true
  },
  "supplementaries:recipes/daub": {
    "criteria": {
      "supplementaries:straw": "2024-07-21 06:30:10 +0000"
    },
    "done": true
  },
  "valhelsia_structures:recipes/building_blocks/yellow_metal_framed_glass": {
    "criteria": {
      "has_ingots/iron": "2024-07-21 06:30:09 +0000"
    },
    "done": true
  },
  "rats:recipes/misc/dragon_wing": {
    "criteria": {
      "has_leather": "2024-07-21 06:30:36 +0000"
    },
    "done": true
  },
  "supplementaries:recipes/candle_holders/candle_holder_yellow": {
    "criteria": {
      "has_iron_ingot": "2024-07-21 06:30:09 +0000"
    },
    "done": true
  },
  "create:recipes/building_blocks/industrial_iron_block_from_ingots_iron_stonecutting": {
    "criteria": {
      "has_ingots_iron": "2024-07-21 06:30:09 +0000"
    },
    "done": true
  },
  "minecraft:recipes/redstone/iron_door": {
    "criteria": {
      "has_iron_ingot": "2024-07-21 06:30:09 +0000"
    },
    "done": true
  },
  "create:recipes/misc/crafting/kinetics/rose_quartz_lamp": {
    "criteria": {
      "has_item": "2024-07-21 06:30:08 +0000"
    },
    "done": true
  },
  "supplementaries:recipes/spring_launcher": {
    "criteria": {
      "has_iron_ingot": "2024-07-21 06:30:09 +0000"
    },
    "done": true
  },
  "supplementaries:recipes/candle_holders/candle_holder_blue": {
    "criteria": {
      "has_iron_ingot": "2024-07-21 06:30:09 +0000"
    },
    "done": true
  },
  "chococraft:recipes/misc/straw": {
    "criteria": {
      "has_wheat": "2024-07-21 06:30:10 +0000"
    },
    "done": true
  },
  "supplementaries:recipes/candle_holders/candle_holder_lime": {
    "criteria": {
      "has_iron_ingot": "2024-07-21 06:30:09 +0000"
    },
    "done": true
  },
  "minecraft:recipes/misc/gold_nugget_from_blasting": {
    "criteria": {
      "has_golden_shovel": "2024-07-21 06:30:19 +0000"
    },
    "done": true
  },
  "supplementaries:recipes/candle_holders/candle_holder_light_blue": {
    "criteria": {
      "has_iron_ingot": "2024-07-21 06:30:09 +0000"
    },
    "done": true
  },
  "minecraft:recipes/tools/shears": {
    "criteria": {
      "has_iron_ingot": "2024-07-21 06:30:09 +0000"
    },
    "done": true
  },
  "supplementaries:recipes/cage": {
    "criteria": {
      "has_iron_ingot": "2024-07-21 06:30:09 +0000"
    },
    "done": true
  },
  "valhelsia_structures:recipes/building_blocks/white_metal_framed_glass": {
    "criteria": {
      "has_ingots/iron": "2024-07-21 06:30:09 +0000"
    },
    "done": true
  },
  "minecraft:recipes/building_blocks/iron_block": {
    "criteria": {
      "has_iron_ingot": "2024-07-21 06:30:09 +0000"
    },
    "done": true
  },
  "farmersdelight:recipes/decorations/cooking_pot": {
    "criteria": {
      "has_iron_ingot": "2024-07-21 06:30:09 +0000"
    },
    "done": true
  },
  "supplementaries:recipes/bomb": {
    "criteria": {
      "has_iron_ingot": "2024-07-21 06:30:09 +0000"
    },
    "done": true
  },
  "minecraft:recipes/food/bread": {
    "criteria": {
      "has_wheat": "2024-07-21 06:30:10 +0000"
    },
    "done": true
  },
  "minecraft:recipes/building_blocks/hay_block": {
    "criteria": {
      "has_wheat": "2024-07-21 06:30:10 +0000"
    },
    "done": true
  },
  "lootr:social": {
    "criteria": {
      "opened_chest": "2024-07-21 06:30:05 +0000"
    },
    "done": false
  },
  "sophisticatedbackpacks:recipes/misc/backpack": {
    "criteria": {
      "has_leather": "2024-07-21 06:30:36 +0000"
    },
    "done": true
  },
  "minecraft:recipes/food/cooked_beef_from_smoking": {
    "criteria": {
      "has_beef": "2024-07-21 06:30:36 +0000"
    },
    "done": true
  },
  "supplementaries:recipes/candle_holders/candle_holder_purple": {
    "criteria": {
      "has_iron_ingot": "2024-07-21 06:30:09 +0000"
    },
    "done": true
  },
  "minecraft:recipes/decorations/lantern": {
    "criteria": {
      "has_iron_ingot": "2024-07-21 06:30:09 +0000"
    },
    "done": true
  },
  "minecraft:recipes/tools/iron_shovel": {
    "criteria": {
      "has_iron_ingot": "2024-07-21 06:30:09 +0000"
    },
    "done": true
  },
  "create:recipes/misc/crafting/materials/experience_nugget_from_block": {
    "criteria": {
      "has_item": "2024-07-21 06:30:09 +0000"
    },
    "done": true
  },
  "valhelsia_structures:recipes/decorations/explorers_tent": {
    "criteria": {
      "has_leather": "2024-07-21 06:30:36 +0000"
    },
    "done": true
  },
  "minecraft:recipes/combat/crossbow": {
    "criteria": {
      "has_iron_ingot": "2024-07-21 06:30:09 +0000"
    },
    "done": true
  },
  "farmersdelight:main/craft_knife": {
    "criteria": {
      "flint_knife": "2024-07-21 06:30:23 +0000"
    },
    "done": true
  },
  "rats:recipes/misc/upgrades/milker_upgrade": {
    "criteria": {
      "has_leather": "2024-07-21 06:30:36 +0000"
    },
    "done": true
  },
  "valhelsia_structures:recipes/building_blocks/orange_metal_framed_glass": {
    "criteria": {
      "has_ingots/iron": "2024-07-21 06:30:09 +0000"
    },
    "done": true
  },
  "skilltree:recipes/combat/armored_quiver": {
    "criteria": {
      "has_ingots_iron": "2024-07-21 06:30:09 +0000"
    },
    "done": true
  },
  "create:recipes/misc/crafting/materials/experience_block": {
    "criteria": {
      "has_item": "2024-07-21 06:30:09 +0000"
    },
    "done": true
  },
  "minecraft:recipes/food/cooked_beef": {
    "criteria": {
      "has_beef": "2024-07-21 06:30:36 +0000"
    },
    "done": true
  },
  "minecraft:recipes/redstone/heavy_weighted_pressure_plate": {
    "criteria": {
      "has_iron_ingot": "2024-07-21 06:30:09 +0000"
    },
    "done": true
  },
  "lootr:1chest": {
    "criteria": {
      "opened_chest": "2024-07-21 06:30:05 +0000"
    },
    "done": true
  },
  "minecraft:recipes/combat/iron_leggings": {
    "criteria": {
      "has_iron_ingot": "2024-07-21 06:30:09 +0000"
    },
    "done": true
  },
  "rats:recipes/misc/rat_wheel": {
    "criteria": {
      "has_iron": "2024-07-21 06:30:09 +0000"
    },
    "done": true
  },
  "minecraft:recipes/transportation/minecart": {
    "criteria": {
      "has_iron_ingot": "2024-07-21 06:30:09 +0000"
    },
    "done": true
  },
  "minecraft:recipes/tools/iron_hoe": {
    "criteria": {
      "has_iron_ingot": "2024-07-21 06:30:09 +0000"
    },
    "done": true
  },
  "aquaculture:recipes/tools/iron_fillet_knife": {
    "criteria": {
      "has_items": "2024-07-21 06:30:09 +0000"
    },
    "done": true
  },
  "farmersdelight:recipes/food/wheat_dough_from_water": {
    "criteria": {
      "has_wheat": "2024-07-21 06:30:10 +0000"
    },
    "done": true
  },
  "minecraft:recipes/decorations/chain": {
    "criteria": {
      "has_iron_ingot": "2024-07-21 06:30:09 +0000"
    },
    "done": true
  },
  "minecraft:recipes/decorations/smithing_table": {
    "criteria": {
      "has_iron_ingot": "2024-07-21 06:30:09 +0000"
    },
    "done": true
  },
  "minecraft:husbandry/root": {
    "criteria": {
      "consumed_item": "2024-07-21 06:30:27 +0000"
    },
    "done": true
  },
  "supplementaries:recipes/goblet": {
    "criteria": {
      "has_iron_ingot": "2024-07-21 06:30:09 +0000"
    },
    "done": true
  },
  "rats:recipes/building_blocks/trash_can": {
    "criteria": {
      "has_ingot": "2024-07-21 06:30:09 +0000"
    },
    "done": true
  },
  "valhelsia_structures:recipes/building_blocks/gray_metal_framed_glass": {
    "criteria": {
      "has_ingots/iron": "2024-07-21 06:30:09 +0000"
    },
    "done": true
  },
  "create:recipes/misc/crafting/materials/zinc_block_from_compacting": {
    "criteria": {
      "has_item": "2024-07-21 06:30:08 +0000"
    },
    "done": true
  },
  "rats:recipes/tools/rat_sack": {
    "criteria": {
      "has_leather": "2024-07-21 06:30:36 +0000"
    },
    "done": true
  },
  "fantasyfurniture:recipes/misc/furniture_station": {
    "criteria": {
      "has_leather": "2024-07-21 06:30:36 +0000"
    },
    "done": true
  },
  "farmersdelight:recipes/cooking/beef_stew": {
    "criteria": {
      "has_any_ingredient": "2024-07-21 06:30:36 +0000"
    },
    "done": true
  },
  "vinery:recipes/straw_hat": {
    "criteria": {
      "has_wheat": "2024-07-21 06:30:10 +0000"
    },
    "done": true
  },
  "rats:recipes/building_blocks/rat_cage": {
    "criteria": {
      "has_ingot": "2024-07-21 06:30:09 +0000"
    },
    "done": true
  },
  "supplementaries:recipes/candle_holders/candle_holder_cyan": {
    "criteria": {
      "has_iron_ingot": "2024-07-21 06:30:09 +0000"
    },
    "done": true
  },
  "minecraft:recipes/food/cooked_beef_from_campfire_cooking": {
    "criteria": {
      "has_beef": "2024-07-21 06:30:36 +0000"
    },
    "done": true
  },
  "DataVersion": 3465
}